"date","ozone level","sulphurdioxide level"
"1996-07-19",".3454","-3.0e-04"
"1996-07-20",".3090","1.6e-03"
"1996-07-22",".3534","-1.0e-04"
"1996-07-24",".3346","2.0e-04"
"1996-07-25",".3464","-1.0e-04"
"1996-07-27",".3847","-7.0e-04"
"1996-07-28",".3734","-5.0e-04"
"1996-07-28",".3728","-3.0e-04"
"1996-07-29",".3735","-3.0e-04"
"1996-07-30",".3351","3.0e-04"
"1996-08-01",".2979","4.0e-04"
"1996-08-02",".3164","-5.0e-04"
"1996-08-02",".3532","-7.0e-04"
"1996-08-03",".3408","1.0e-04"
"1996-08-04",".3787","3.0e-04"
"1996-08-06",".3595","-5.0e-04"
"1996-08-07",".3866","-2.0e-04"
"1996-08-07",".3861","2.0e-04"
"1996-08-08",".3913","1.0e-03"
"1996-08-09",".4122","6.0e-04"
"1996-08-11",".3939","-1.1e-03"
"1996-08-12",".4095","-8.0e-04"
"1996-08-12",".3872","-1.0e-04"
"1996-08-13",".3732","-4.0e-04"
"1996-08-15",".3442","-1.0e-04"
"1996-08-16",".3377","0.0e+00"
"1996-08-17",".3205","-7.0e-04"
"1996-08-17",".3555","-4.0e-04"
"1996-08-18",".3681","-1.0e-04"
"1996-08-20",".3504","-9.0e-04"
"1996-08-21",".3841","-1.3e-03"
"1996-08-22",".4167","-2.2e-03"
"1996-08-22",".3714","-2.0e-04"
"1996-08-23",".3570","-1.0e-04"
"1996-08-25",".3716","1.0e-04"
"1996-08-26",".3734","-4.0e-04"
"1996-08-27",".3871","-1.0e-03"
"1996-08-27",".3917","-4.0e-04"
"1996-08-28",".3792","2.0e-04"
"1996-08-30",".3634","-3.0e-04"
"1996-08-31",".3622","-7.0e-04"
"1996-09-01",".3270","-5.0e-04"
"1996-09-01",".3176","0.0e+00"
"1996-09-02",".3235","-8.0e-04"
"1996-09-04",".3132","-2.0e-04"
"1996-09-05",".3589","-9.0e-04"
"1996-09-06",".3668","-5.0e-04"
"1996-09-06",".3577","6.0e-04"
"1996-09-07",".3591","-4.0e-04"
"1996-09-09",".3830","-1.3e-03"
"1996-09-10",".3781","-3.0e-04"
"1996-09-11",".3731","-5.0e-04"
"1996-09-11",".3874","-3.0e-04"
"1996-09-12",".3636","4.0e-04"
"1996-09-14",".3712","-7.0e-04"
"1996-09-15",".4019","-1.0e-04"
"1996-09-16",".3756","-4.0e-04"
"1996-09-16",".3661","2.0e-04"
"1996-09-17",".3468","9.0e-04"
"1996-09-19",".3628","-3.0e-04"
"1996-09-20",".3570","-5.0e-04"
"1996-09-21",".3616","-9.0e-04"
"1996-09-21",".3300","-2.0e-04"
"1996-09-22",".3174","6.0e-04"
"1996-09-24",".3579","-6.0e-04"
"1996-09-25",".3668","-6.0e-04"
"1996-09-25",".3810","-2.0e-04"
"1996-09-26",".3709","-1.0e-04"
"1996-09-27",".3746","-1.0e-04"
"1996-09-29",".4220","-4.0e-04"
"1996-09-30",".3635","-1.2e-03"
"1996-09-30",".3254","-3.0e-04"
"1996-10-01",".3571","4.0e-04"
"1996-10-02",".3602","-2.0e-04"
"1996-10-04",".3822","-9.0e-04"
"1996-10-05",".3782","0.0e+00"
"1996-10-05",".3700","3.0e-04"
"1996-10-06",".3500","1.0e-04"
"1996-10-07",".3477","-3.0e-04"
"1996-10-09",".4156","-1.0e-03"
"1996-10-10",".3885","-5.0e-04"
"1996-10-10",".3915","3.0e-04"
"1996-10-11",".3412","4.0e-04"
"1996-10-12",".3192","3.0e-04"
"1996-10-14",".3545","1.0e-04"
"1996-10-15",".3716","-4.0e-04"
"1996-10-15",".3637","-3.0e-04"
"1996-10-16",".3433","2.0e-04"
"1996-10-17",".3481","-1.0e-04"
"1996-10-19",".3279","-6.0e-04"
"1996-10-20",".3175","0.0e+00"
"1996-10-20",".3235","-7.0e-04"
"1996-10-21",".3682","-8.0e-04"
"1996-10-23",".3788","-1.0e-04"
"1996-10-24",".3795","-5.0e-04"
"1996-10-25",".3526","-5.0e-04"
"1996-10-25",".3522","-3.0e-04"
"1996-10-26",".3304","-7.0e-04"
"1996-10-28",".3482","-5.0e-04"
"1996-10-29",".3477","-3.0e-04"
"1996-10-30",".3498","-7.0e-04"
"1996-10-30",".3337","1.0e-04"
"1996-10-31",".3571","-3.0e-04"
"1996-11-02",".3616","-5.0e-04"
"1996-11-03",".3592","-2.0e-04"
"1996-11-04",".3541","3.0e-04"
"1996-11-04",".3541","-1.0e-04"
"1996-11-05",".3400","4.0e-04"
"1996-11-07",".3682","-1.0e-04"
"1996-11-08",".3751","-1.0e-04"
"1996-11-09",".3740","5.0e-04"
"1996-11-09",".3742","-2.0e-04"
"1996-11-10",".3449","-2.0e-04"
"1996-11-12",".3833","-9.0e-04"
"1996-11-13",".3658","-6.0e-04"
"1996-11-13",".3606","-6.0e-04"
"1996-11-14",".3356","-4.0e-04"
"1996-11-15",".3440","-1.0e-04"
"1996-11-17",".3416","0.0e+00"
"1996-11-18",".3313","-3.0e-04"
"1996-11-18",".3383","-1.0e-03"
"1996-11-19",".3308","-9.0e-04"
"1996-11-20",".3208","-2.0e-04"
"1996-11-22",".3214","-6.0e-04"
"1996-11-23",".3467","0.0e+00"
"1996-11-23",".3288","8.0e-04"
"1996-11-24",".3329","-6.0e-04"
"1996-11-25",".3101","0.0e+00"
"1996-11-27",".3385","-7.0e-04"
"1996-11-28",".3258","3.0e-04"
"1996-11-28",".3585","-3.0e-04"
"1996-11-29",".3250","0.0e+00"
"1996-12-01",".3304","2.0e-04"
"1996-12-02",".3321","-2.0e-04"
"1996-12-03",".3174","0.0e+00"
"1996-12-03",".3357","6.0e-04"
"1996-12-04",".3379","-2.0e-04"
"1996-12-06",".3460","-3.0e-04"
"1996-12-07",".3347","-6.0e-04"
"1996-12-08",".3228","-1.0e-04"
"1996-12-08",".3049","2.0e-04"
"1996-12-09",".2983","0.0e+00"
"1996-12-11",".2992","-2.0e-04"
"1996-12-12",".2981","0.0e+00"
"1996-12-13",".2889","0.0e+00"
"1996-12-13",".3071","-4.0e-04"
"1996-12-14",".2950","-4.0e-04"
"1996-12-16",".3214","-1.0e-03"
"1996-12-17",".3059","1.0e-04"
"1996-12-17",".2968","-2.0e-04"
"1996-12-18",".3071","1.0e-04"
"1996-12-19",".2806","1.0e-04"
"1996-12-21",".3425","-3.0e-04"
"1996-12-22",".2870","1.1e-03"
"1996-12-22",".2841","2.0e-04"
"1996-12-23",".2889","8.0e-04"
"1996-12-24",".2922","-6.0e-04"
"1996-12-26",".2845","-5.0e-04"
"1996-12-27",".2840","-5.0e-04"
"1996-12-27",".2782","-4.0e-04"
"1996-12-28",".2773","-2.0e-04"
"1996-12-30",".2613","-4.0e-04"
"1996-12-31",".2784","-1.0e-04"
"1997-01-01",".2835","-6.0e-04"
"1997-01-02",".2831","-3.0e-04"
"1997-01-04",".3132","-2.0e-04"
"1997-01-05",".3521","-1.1e-03"
"1997-01-06",".2958","1.0e-04"
"1997-01-06",".2941","2.0e-04"
"1997-01-07",".2921","-5.0e-04"
"1997-01-09",".2740","-2.0e-04"
"1997-01-10",".2542","-5.0e-04"
"1997-01-10",".2724","0.0e+00"
"1997-01-11",".2899","-7.0e-04"
"1997-01-12",".2734","-4.0e-04"
"1997-01-14",".3060","-1.1e-03"
"1997-01-15",".3008","-9.0e-04"
"1997-01-15",".3099","-6.0e-04"
"1997-01-16",".2806","-3.0e-04"
"1997-01-17",".2898","-4.0e-04"
"1997-01-19",".3152","-7.0e-04"
"1997-01-20",".2917","-4.0e-04"
"1997-01-20",".2922","-8.0e-04"
"1997-01-21",".2669","7.0e-04"
"1997-01-23",".2716","0.0e+00"
"1997-01-24",".2686","-4.0e-04"
"1997-01-25",".2724","-5.0e-04"
"1997-01-25",".2844","-2.0e-04"
"1997-01-26",".2791","-6.0e-04"
"1997-01-28",".2870","-5.0e-04"
"1997-01-29",".2885","-7.0e-04"
"1997-01-30",".2770","0.0e+00"
"1997-01-30",".2755","-5.0e-04"
"1997-01-31",".2846","-4.0e-04"
"1997-02-02",".2878","-5.0e-04"
"1997-02-03",".2991","1.0e-04"
"1997-02-03",".2998","-1.0e-04"
"1997-02-04",".3053","-4.0e-04"
"1997-02-05",".2973","-4.0e-04"
"1997-02-07",".2826","-9.0e-04"
"1997-02-08",".2871","-3.0e-04"
"1997-02-08",".2699","-7.0e-04"
"1997-02-09",".2619","-1.4e-03"
"1997-02-11",".2749","-1.0e-04"
"1997-02-12",".2809","-1.0e-04"
"1997-02-13",".2818","-2.0e-04"
"1997-02-13",".2774","0.0e+00"
"1997-02-14",".2658","-2.0e-04"
"1997-02-16",".2553","-1.0e-04"
"1997-02-17",".2547","-3.0e-04"
"1997-02-18",".2497","-5.0e-04"
"1997-02-18",".2459","-1.0e-04"
"1997-02-19",".2745","3.0e-04"
"1997-02-21",".2581","0.0e+00"
"1997-02-22",".2854","-4.0e-04"
"1997-02-22",".2738","-4.0e-04"
"1997-02-23",".2710","-7.0e-04"
"1997-02-24",".2653","6.0e-04"
"1997-02-26",".2807","-4.0e-04"
"1997-02-27",".2923","-2.0e-04"
"1997-02-27",".2803","-2.0e-04"
"1997-02-28",".2638","3.0e-04"
"1997-03-02",".2713","-5.0e-04"
"1997-03-03",".2777","-9.0e-04"
"1997-03-04",".2609","0.0e+00"
"1997-03-04",".2432","2.0e-04"
"1997-03-05",".2614","-4.0e-04"
"1997-03-07",".2864","-4.0e-04"
"1997-03-08",".2643","-5.0e-04"
"1997-03-09",".2607","1.1e-03"
"1997-03-09",".2635","-2.0e-04"
"1997-03-10",".2410","2.0e-04"
"1997-03-12",".2653","-7.0e-04"
"1997-03-13",".2646","-4.0e-04"
"1997-03-13",".2550","0.0e+00"
"1997-03-14",".2575","-2.0e-04"
"1997-03-15",".2644","1.0e-04"
"1997-03-17",".2663","-8.0e-04"
"1997-03-18",".2815","-7.0e-04"
"1997-03-18",".2940","-3.0e-04"
"1997-03-19",".2941","-6.0e-04"
"1997-03-21",".2889","-9.0e-04"
"1997-03-22",".2865","-6.0e-04"
"1997-03-23",".2865","-4.0e-04"
"1997-03-23",".3002","-1.0e-03"
"1997-03-24",".3065","0.0e+00"
"1997-03-26",".2981","-4.0e-04"
"1997-03-27",".2788","-1.2e-03"
"1997-03-28",".2700","-4.0e-04"
"1997-03-28",".2771","-7.0e-04"
"1997-03-29",".2801","-8.0e-04"
"1997-03-31",".2612","-5.0e-04"
"1997-04-01",".2592","-9.0e-04"
"1997-04-01",".2604","-6.0e-04"
"1997-04-02",".2556","-7.0e-04"
"1997-04-03",".2591","-3.0e-04"
"1997-04-05",".2635","-6.0e-04"
"1997-04-06",".2758","-3.0e-04"
"1997-04-06",".2613","-1.0e-04"
"1997-04-07",".2478","2.0e-04"
"1997-04-09",".2800","-4.0e-04"
"1997-04-10",".2764","-5.0e-04"
"1997-04-11",".2796","1.0e-04"
"1997-04-11",".2828","1.0e-04"
"1997-04-12",".2737","2.0e-04"
"1997-04-14",".2900","-7.0e-04"
"1997-04-15",".2764","-1.0e-04"
"1997-04-15",".2886","0.0e+00"
"1997-04-16",".2776","-3.0e-04"
"1997-04-17",".2619","0.0e+00"
"1997-04-19",".2773","-6.0e-04"
"1997-04-20",".2909","-2.0e-04"
"1997-04-20",".2864","-1.0e-04"
"1997-04-21",".2823","4.0e-04"
"1997-04-23",".2811","-1.0e-04"
"1997-04-24",".2897","-9.0e-04"
"1997-04-25",".2806","1.0e-04"
"1997-04-25",".2864","1.0e-04"
"1997-04-26",".2840","6.0e-04"
"1997-04-28",".2730","2.0e-04"
"1997-04-29",".2856","-5.0e-04"
"1997-04-29",".2572","0.0e+00"
"1997-04-30",".2743","0.0e+00"
"1997-05-01",".2868","-2.0e-04"
"1997-05-03",".2883","-6.0e-04"
"1997-05-04",".2849","-6.0e-04"
"1997-05-04",".2864","-5.0e-04"
"1997-05-05",".2794","-5.0e-04"
"1997-05-07",".2839","-7.0e-04"
"1997-05-08",".2930","-9.0e-04"
"1997-05-09",".2648","-4.0e-04"
"1997-05-09",".2617","-2.0e-04"
"1997-05-10",".2661","-2.0e-04"
"1997-05-12",".2747","-1.0e-04"
"1997-05-13",".3071","-1.3e-03"
"1997-05-13",".3063","1.0e-04"
"1997-05-14",".3175","-1.1e-03"
"1997-05-15",".3149","-2.0e-04"
"1997-05-17",".2903","-4.0e-04"
"1997-05-18",".3002","-5.0e-04"
"1997-05-18",".2810","-6.0e-04"
"1997-05-19",".2657","2.0e-04"
"1997-05-21",".2698","-4.0e-04"
"1997-05-22",".2529","-1.0e-04"
"1997-05-23",".2587","-2.0e-04"
"1997-05-23",".2672","-1.0e-04"
"1997-05-24",".2678","2.0e-04"
"1997-05-26",".2455","-1.0e-04"
"1997-05-27",".2549","-8.0e-04"
"1997-05-27",".2825","-1.0e-03"
"1997-05-28",".2676","-2.0e-04"
"1997-05-29",".2737","-2.0e-04"
"1997-05-31",".2846","-5.0e-04"
"1997-06-01",".2840","-1.1e-03"
"1997-06-01",".2787","-7.0e-04"
"1997-06-02",".2802","0.0e+00"
"1997-06-04",".2846","8.0e-04"
"1997-06-05",".2831","-5.0e-04"
"1997-06-06",".2887","-3.0e-04"
"1997-06-06",".2921","-6.0e-04"
"1997-06-07",".2799","-4.0e-04"
"1997-06-09",".3045","-4.0e-04"
"1997-06-10",".2792","-2.0e-04"
"1997-06-10",".3018","-7.0e-04"
"1997-06-11",".3090","-1.0e-04"
"1997-06-13",".2784","-6.0e-04"
"1997-06-14",".2935","-1.2e-03"
"1997-06-15",".2976","-4.0e-04"
"1997-06-15",".3096","-2.0e-04"
"1997-06-16",".2960","1.0e-04"
"1997-06-18",".3030","-3.0e-04"
"1997-06-19",".3292","-1.0e-03"
"1997-06-20",".3086","-5.0e-04"
"1997-06-20",".2751","-2.0e-04"
"1997-06-21",".2889","0.0e+00"
"1997-06-23",".2735","-2.0e-04"
"1997-06-24",".3097","-2.0e-03"
"1997-06-24",".2897","-7.0e-04"
"1997-06-25",".3142","-6.0e-04"
"1997-06-27",".3088","-4.0e-04"
"1997-06-28",".3053","-8.0e-04"
"1997-06-29",".2979","-1.1e-03"
"1997-06-29",".2825","-5.0e-04"
"1997-06-30",".3091","-2.0e-04"
"1997-07-02",".3117","-4.0e-04"
"1997-07-03",".3151","-4.0e-04"
"1997-07-03",".3407","-1.4e-03"
"1997-07-04",".3026","-9.0e-04"
"1997-07-05",".2805","2.0e-04"
"1997-07-07",".2731","-8.0e-04"
"1997-07-08",".2936","-3.0e-04"
"1997-07-08",".2934","-4.0e-04"
"1997-07-09",".3124","-4.0e-04"
"1997-07-11",".3274","-5.0e-04"
"1997-07-12",".3284","-6.0e-04"
"1997-07-13",".3400","-7.0e-04"
"1997-07-13",".3184","1.0e-04"
"1997-07-14",".3007","-2.0e-04"
"1997-07-16",".2902","-9.0e-04"
"1997-07-17",".2722","0.0e+00"
"1997-07-17",".3104","-1.0e-04"
"1997-07-18",".3260","-3.0e-04"
"1997-07-20",".3450","1.0e-04"
"1997-07-21",".3503","-3.0e-04"
"1997-07-22",".3573","1.0e-04"
"1997-07-22",".3485","-4.0e-04"
"1997-07-23",".3262","2.0e-04"
"1997-07-25",".2958","-7.0e-04"
"1997-07-26",".2892","-8.0e-04"
"1997-07-26",".2784","-5.0e-04"
"1997-07-27",".2988","1.0e-04"
"1997-07-28",".3161","-1.0e-04"
"1997-07-30",".3355","0.0e+00"
"1997-07-31",".3199","-6.0e-04"
"1997-07-31",".3356","-7.0e-04"
"1997-08-01",".3561","1.0e-04"
"1997-08-03",".3486","-2.0e-04"
"1997-08-04",".3579","-1.0e-04"
"1997-08-05",".3075","-4.0e-04"
"1997-08-05",".2929","-5.0e-04"
"1997-08-06",".2874","3.0e-04"
"1997-08-08",".2713","-8.0e-04"
"1997-08-09",".2505","-5.0e-04"
"1997-08-09",".2269","-1.0e-03"
"1997-08-10",".2747","-3.0e-04"
"1997-08-12",".3302","0.0e+00"
"1997-08-13",".3139","-3.0e-04"
"1997-08-14",".3502","-6.0e-04"
"1997-08-14",".3374","-1.0e-03"
"1997-08-15",".3448","1.0e-04"
"1997-08-17",".3291","-2.0e-04"
"1997-08-18",".3291","-1.0e-04"
"1997-08-18",".3303","-3.0e-04"
"1997-08-19",".3385","1.0e-04"
"1997-08-21",".3324","-4.0e-04"
"1997-08-22",".3117","1.0e-04"
"1997-08-23",".3260","-2.0e-04"
"1997-08-23",".3307","-4.0e-04"
"1997-08-24",".3295","2.0e-04"
"1997-08-26",".3042","-2.0e-04"
"1997-08-27",".4180","-1.7e-03"
"1997-08-27",".3094","-1.0e-03"
"1997-08-28",".3218","-5.0e-04"
"1997-08-29",".3210","1.0e-04"
"1997-08-31",".3440","-6.0e-04"
"1997-09-01",".3510","-7.0e-04"
"1997-09-02",".3283","-9.0e-04"
"1997-09-04",".3154","-2.0e-04"
"1997-09-05",".3158","-6.0e-04"
"1997-09-06",".2866","4.0e-04"
"1997-09-06",".3148","1.0e-04"
"1997-09-07",".3222","-2.0e-04"
"1997-09-09",".3459","-1.0e-03"
"1997-09-10",".3509","-5.0e-04"
"1997-09-10",".3384","-1.0e-04"
"1997-09-11",".3703","-3.0e-04"
"1997-09-13",".3379","-5.0e-04"
"1997-09-14",".3254","4.0e-04"
"1997-09-15",".3269","-2.0e-04"
"1997-09-15",".3158","2.0e-04"
"1997-09-16",".3566","7.0e-04"
"1997-09-18",".3457","-6.0e-04"
"1997-09-19",".3301","-5.0e-04"
"1997-09-19",".3188","-3.0e-04"
"1997-09-20",".3466","-8.0e-04"
"1997-09-22",".3320","5.0e-04"
"1997-09-23",".3251","-4.0e-04"
"1997-09-24",".3215","-9.0e-04"
"1997-09-24",".3391","-1.5e-03"
"1997-09-25",".3218","-3.0e-04"
"1997-09-27",".3083","1.0e-04"
"1997-09-28",".3114","-6.0e-04"
"1997-09-28",".3344","0.0e+00"
"1997-09-29",".3643","-3.0e-04"
"1997-10-01",".3369","6.0e-04"
"1997-10-02",".3522","5.0e-04"
"1997-10-03",".3313","-3.0e-04"
"1997-10-03",".3387","1.0e-04"
"1997-10-04",".3633","1.0e-04"
"1997-10-06",".3410","-1.0e-03"
"1997-10-07",".3557","-4.0e-04"
"1997-10-07",".3457","-4.0e-04"
"1997-10-08",".3353","1.0e-04"
"1997-10-10",".3292","-6.0e-04"
"1997-10-11",".3291","-5.0e-04"
"1997-10-12",".3271","2.0e-04"
"1997-10-12",".3336","-1.0e-04"
"1997-10-13",".3251","-5.0e-04"
"1997-10-15",".3273","-3.0e-04"
"1997-10-16",".3670","2.0e-04"
"1997-10-16",".3383","-4.0e-04"
"1997-10-17",".3378","-6.0e-04"
"1997-10-19",".3445","0.0e+00"
"1997-10-20",".3516","1.0e-04"
"1997-10-21",".3709","-4.0e-04"
"1997-10-21",".3275","-8.0e-04"
"1997-10-22",".3303","2.0e-04"
"1997-10-24",".2903","6.0e-04"
"1997-10-25",".3103","7.0e-04"
"1997-10-25",".3240","-4.0e-04"
"1997-10-26",".3066","0.0e+00"
"1997-10-28",".3199","-1.0e-04"
"1997-10-29",".3230","-6.0e-04"
"1997-10-30",".3234","5.0e-04"
"1997-10-30",".3080","7.0e-04"
"1997-10-31",".3209","1.0e-04"
"1997-11-02",".3027","0.0e+00"
"1997-11-03",".3158","-2.0e-04"
"1997-11-03",".2984","-5.0e-04"
"1997-11-04",".3193","-5.0e-04"
"1997-11-06",".3340","-4.0e-04"
"1997-11-07",".3231","1.0e-04"
"1997-11-07",".3284","0.0e+00"
"1997-11-08",".3615","-7.0e-04"
"1997-11-10",".3413","-8.0e-04"
"1997-11-11",".3402","4.0e-04"
"1997-11-12",".3455","-4.0e-04"
"1997-11-12",".3283","-4.0e-04"
"1997-11-13",".3218","-1.0e-04"
"1997-11-15",".3223","-7.0e-04"
"1997-11-16",".3075","-2.0e-04"
"1997-11-20",".3150","-4.0e-04"
"1997-11-21",".3307","-1.4e-03"
"1997-11-21",".3179","-6.0e-04"
"1997-11-22",".2998","-1.0e-04"
"1997-11-24",".2987","0.0e+00"
"1997-11-25",".3032","-7.0e-04"
"1997-11-25",".2848","-2.0e-04"
"1997-11-26",".2716","6.0e-04"
"1997-11-28",".2898","-6.0e-04"
"1997-11-29",".3006","-2.0e-04"
"1997-11-30",".2936","3.0e-04"
"1997-11-30",".2992","8.0e-04"
"1997-12-01",".3034","-2.0e-04"
"1997-12-03",".3031","-2.0e-04"
"1997-12-04",".3350","-2.0e-04"
"1997-12-13",".2887","0.0e+00"
"1997-12-15",".2830","5.0e-04"
"1997-12-15",".2908","0.0e+00"
"1997-12-17",".2959","0.0e+00"
"1997-12-17",".2891","1.1e-03"
"1997-12-19",".2888","-1.0e-04"
"1997-12-19",".2770","-2.0e-04"
"1997-12-21",".2845","-5.0e-04"
"1997-12-22",".2801","-2.0e-04"
"1997-12-22",".2902","-3.0e-04"
"1997-12-24",".2880","-3.0e-04"
"1997-12-24",".2740","-3.0e-04"
"1997-12-26",".3007","-4.0e-04"
"1997-12-26",".2881","1.2e-03"
"1997-12-28",".2955","-2.0e-04"
"1997-12-28",".3112","-7.0e-04"
"1997-12-30",".3013","-1.1e-03"
"1997-12-31",".2847","5.0e-04"
"1997-12-31",".2920","-2.0e-04"
"1998-01-02",".2832","0.0e+00"
"1998-01-02",".2710","3.0e-04"
"1998-01-04",".2686","3.0e-04"
"1998-01-04",".2828","4.0e-04"
"1998-01-06",".2814","0.0e+00"
"1998-01-07",".2941","0.0e+00"
"1998-01-07",".2969","3.0e-04"
"1998-01-09",".3130","-3.0e-04"
"1998-01-09",".3023","2.0e-04"
"1998-01-11",".3012","5.0e-04"
"1998-01-11",".2982","-9.0e-04"
"1998-01-13",".2989","-4.0e-04"
"1998-01-13",".2821","2.0e-04"
"1998-01-15",".2890","-8.0e-04"
"1998-01-16",".2842","2.0e-04"
"1998-01-17",".2867","-4.0e-04"
"1998-01-18",".2789","6.0e-04"
"1998-01-18",".2738","-4.0e-04"
"1998-01-20",".2873","-1.2e-03"
"1998-01-20",".2917","-3.0e-04"
"1998-01-22",".2964","-7.0e-04"
"1998-01-22",".2762","1.0e-04"
"1998-01-24",".2640","1.0e-04"
"1998-01-25",".2858","-3.0e-04"
"1998-01-25",".2730","3.0e-04"
"1998-01-27",".2649","-3.0e-04"
"1998-01-27",".2779","-6.0e-04"
"1998-01-29",".2795","3.0e-04"
"1998-01-29",".2865","-3.0e-04"
"1998-01-31",".2792","0.0e+00"
"1998-01-31",".2867","1.0e-04"
"1998-02-02",".2709","-5.0e-04"
"1998-02-03",".2793","-8.0e-04"
"1998-02-03",".2701","7.0e-04"
"1998-02-05",".2785","-8.0e-04"
"1998-02-05",".2701","3.0e-04"
"1998-02-07",".2712","5.0e-04"
"1998-02-07",".2737","0.0e+00"
"1998-02-09",".2675","-9.0e-04"
"1998-02-09",".2697","5.0e-04"
"1998-02-11",".2726","-8.0e-04"
"1998-02-12",".2749","-1.0e-04"
"1998-02-12",".2689","-1.0e-04"
"1998-02-14",".2849","-1.2e-03"
"1998-02-14",".2640","8.0e-04"
"1998-02-16",".2664","0.0e+00"
"1998-02-16",".2662","-2.0e-04"
"1998-02-18",".2499","-9.0e-04"
"1998-02-19",".2614","-2.0e-04"
"1998-02-19",".2664","-1.0e-04"
"1998-02-21",".2667","1.0e-04"
"1998-02-21",".2916","-2.0e-04"
"1998-02-23",".2755","-6.0e-04"
"1998-02-23",".3249","-4.0e-04"
"1998-02-25",".3025","-1.0e-03"
"1998-02-25",".2854","-7.0e-04"
"1998-02-27",".2847","-6.0e-04"
"1998-02-28",".2764","-1.0e-04"
"1998-03-01",".2889","-1.0e-04"
"1998-03-02",".2922","-2.0e-04"
"1998-03-02",".2918","-2.0e-04"
"1998-03-04",".2918","-9.0e-04"
"1998-03-04",".2860","-6.0e-04"
"1998-03-06",".2742","-1.0e-04"
"1998-03-06",".2839","-1.0e-04"
"1998-03-08",".2782","-6.0e-04"
"1998-03-09",".2787","-1.0e-03"
"1998-03-09",".2689","6.0e-04"
"1998-03-11",".2870","-5.0e-04"
"1998-03-11",".2795","-4.0e-04"
"1998-03-13",".2711","-1.5e-03"
"1998-03-13",".2611","0.0e+00"
"1998-03-15",".2882","4.0e-04"
"1998-03-15",".2813","-5.0e-04"
"1998-03-17",".2771","-4.0e-04"
"1998-03-18",".2824","-2.0e-04"
"1998-03-18",".2898","-8.0e-04"
"1998-03-20",".2917","-4.0e-04"
"1998-03-20",".2817","0.0e+00"
"1998-03-22",".2914","-9.0e-04"
"1998-03-22",".2697","1.0e-04"
"1998-03-24",".2555","-8.0e-04"
"1998-03-24",".2489","2.0e-04"
"1998-03-26",".2499","-6.0e-04"
"1998-03-27",".2646","-7.0e-04"
"1998-03-27",".2553","5.0e-04"
"1998-03-29",".2580","-1.3e-03"
"1998-03-29",".2768","-1.0e-03"
"1998-03-31",".2760","-6.0e-04"
"1998-03-31",".2734","-3.0e-04"
"1998-04-02",".2976","-6.0e-04"
"1998-04-03",".2906","-1.0e-03"
"1998-04-03",".2851","1.0e-04"
"1998-04-05",".2857","-5.0e-04"
"1998-04-05",".2694","-7.0e-04"
"1998-04-07",".2676","-8.0e-04"
"1998-04-07",".2583","-8.0e-04"
"1998-04-09",".2426","-5.0e-04"
"1998-04-09",".2728","-1.5e-03"
"1998-04-11",".2635","-8.0e-04"
"1998-04-12",".2733","-1.4e-03"
"1998-04-13",".2884","-1.1e-03"
"1998-04-14",".2649","-4.0e-04"
"1998-04-14",".2783","-1.1e-03"
"1998-04-16",".2711","-2.0e-04"
"1998-04-16",".2696","-6.0e-04"
"1998-04-18",".2783","-3.0e-04"
"1998-04-18",".2662","0.0e+00"
"1998-04-20",".3056","-1.1e-03"
"1998-04-21",".2757","-1.3e-03"
"1998-04-22",".2802","-1.2e-03"
"1998-04-23",".2570","-3.0e-04"
"1998-04-23",".2623","-2.0e-04"
"1998-04-25",".2619","-8.0e-04"
"1998-04-25",".2495","-5.0e-04"
"1998-04-27",".2474","-4.0e-04"
"1998-04-27",".2659","-2.0e-04"
"1998-04-29",".2523","-5.0e-04"
"1998-04-30",".2562","-8.0e-04"
"1998-04-30",".2594","-3.0e-04"
"1998-05-02",".2727","-1.0e-03"
"1998-05-02",".2869","-4.0e-04"
"1998-05-04",".2936","-1.1e-03"
"1998-05-04",".2821","-6.0e-04"
"1998-05-06",".2673","-1.2e-03"
"1998-05-06",".2738","-6.0e-04"
"1998-05-08",".2880","-9.0e-04"
"1998-05-09",".2791","-1.0e-04"
"1998-05-09",".2975","-1.2e-03"
"1998-05-11",".3194","-9.0e-04"
"1998-05-11",".2766","-4.0e-04"
"1998-05-13",".2703","-3.0e-04"
"1998-05-13",".2907","-1.0e-03"
"1998-05-15",".2877","-1.5e-03"
"1998-05-15",".2780","-1.6e-03"
"1998-05-17",".2819","-9.0e-04"
"1998-05-18",".2925","-8.0e-04"
"1998-05-18",".2921","-5.0e-04"
"1998-05-20",".2741","-1.3e-03"
"1998-05-20",".2823","0.0e+00"
"1998-05-22",".2909","-4.0e-04"
"1998-05-22",".3046","-3.0e-04"
"1998-05-24",".2946","-5.0e-04"
"1998-05-25",".2916","-5.0e-04"
"1998-05-25",".3157","3.0e-04"
"1998-05-27",".3297","-1.1e-03"
"1998-05-27",".3170","-7.0e-04"
"1998-05-29",".2796","-8.0e-04"
"1998-05-29",".2682","-3.0e-04"
"1998-05-31",".2957","-1.2e-03"
"1998-05-31",".2882","-7.0e-04"
"1998-06-02",".2855","-7.0e-04"
"1998-06-03",".3235","-9.0e-04"
"1998-06-03",".2914","-3.0e-04"
"1998-06-05",".2660","-1.3e-03"
"1998-06-05",".2586","5.0e-04"
"1998-06-07",".2865","-1.0e-04"
"1998-06-07",".2728","-4.0e-04"
"1998-06-09",".2332","1.0e-04"
"1998-06-09",".2655","-1.0e-04"
"1998-06-11",".2727","-1.3e-03"
"1998-06-12",".2361","-1.0e-04"
"1998-06-13",".2275","-3.0e-04"
"1998-06-14",".2618","-1.2e-03"
"1998-06-14",".2584","-3.0e-04"
"1998-06-16",".2831","-1.0e-03"
"1998-06-16",".2777","2.0e-04"
"1998-06-18",".3269","-5.0e-04"
"1998-06-18",".3312","-9.0e-04"
"1998-06-20",".3248","-1.2e-03"
"1998-06-21",".3047","-9.0e-04"
"1998-06-22",".3038","-3.0e-04"
"1998-06-23",".3297","-7.0e-04"
"1998-06-23",".3503","-9.0e-04"
"1998-06-25",".3434","-8.0e-04"
"1998-06-25",".3565","-3.0e-04"
"1998-06-27",".3604","-6.0e-04"
"1998-06-27",".3469","-1.1e-03"
"1998-06-29",".3332","-1.1e-03"
"1998-06-30",".3288","-1.2e-03"
"1998-06-30",".3200","-2.0e-04"
"1998-07-02",".3633","-8.0e-04"
"1998-07-02",".3568","-5.0e-04"
"1998-07-04",".3619","-1.2e-03"
"1998-07-04",".3664","-6.0e-04"
"1998-07-06",".3668","-1.5e-03"
"1998-07-06",".3483","-3.0e-04"
"1998-07-08",".3418","1.0e-04"
"1998-07-09",".3250","-6.0e-04"
"1998-07-09",".3103","-4.0e-04"
"1998-07-11",".3467","-5.0e-04"
"1998-07-11",".3676","-1.6e-03"
"1998-07-13",".3727","-1.4e-03"
"1998-07-13",".3315","-4.0e-04"
"1998-07-15",".3478","-6.0e-04"
"1998-07-15",".3456","-1.0e-03"
"1998-07-17",".3506","-1.1e-03"
"1998-07-18",".3336","-7.0e-04"
"1998-07-18",".3434","2.0e-04"
"1998-07-20",".3487","-7.0e-04"
"1998-07-20",".3363","-3.0e-04"
"1998-07-22",".3274","-9.0e-04"
"1998-07-22",".3405","-8.0e-04"
"1998-07-24",".3396","-8.0e-04"
"1998-07-24",".3338","-7.0e-04"
"1998-07-26",".3356","-8.0e-04"
"1998-07-27",".3747","-1.4e-03"
"1998-07-27",".3293","-5.0e-04"
"1998-07-29",".2802","-4.0e-04"
"1998-07-29",".3084","-5.0e-04"
"1998-07-31",".3290","-1.2e-03"
"1998-07-31",".3367","-2.0e-04"
"1998-08-02",".3734","-5.0e-04"
"1998-08-03",".3613","-7.0e-04"
"1998-08-04",".2872","-1.1e-03"
"1998-08-05",".3209","-6.0e-04"
"1998-08-05",".3242","2.0e-04"
"1998-08-07",".3400","-1.2e-03"
"1998-08-07",".3327","-1.5e-03"
"1998-08-09",".3359","-1.3e-03"
"1998-08-09",".3356","2.0e-04"
"1998-08-11",".3299","0.0e+00"
"1998-08-12",".3631","-3.0e-04"
"1998-08-12",".3445","-3.0e-04"
"1998-08-14",".3800","-5.0e-04"
"1998-08-14",".3557","-4.0e-04"
"1998-08-16",".3733","-8.0e-04"
"1998-08-16",".3508","-5.0e-04"
"1998-08-18",".3465","-8.0e-04"
"1998-08-18",".3418","-8.0e-04"
"1998-08-20",".3805","-5.0e-04"
"1998-08-21",".3811","-8.0e-04"
"1998-08-23",".3519","-7.0e-04"
"1998-08-23",".3304","0.0e+00"
"1998-08-25",".3511","-7.0e-04"
"1998-08-25",".3248","-1.0e-04"
"1998-08-27",".3308","-6.0e-04"
"1998-08-27",".3585","-5.0e-04"
"1998-08-29",".3246","1.0e-04"
"1998-08-30",".3736","-1.0e-03"
"1998-08-31",".3139","-9.0e-04"
"1998-09-01",".3107","-3.0e-04"
"1998-09-01",".3380","-4.0e-04"
"1998-09-03",".3721","-1.2e-03"
"1998-09-03",".3863","-7.0e-04"
"1998-09-05",".3326","-1.0e-03"
"1998-09-05",".3368","-8.0e-04"
"1998-09-07",".3533","-5.0e-04"
"1998-09-08",".3727","-5.0e-04"
"1998-09-09",".3567","-8.0e-04"
"1998-09-10",".3298","-3.0e-04"
"1998-09-10",".3609","-2.0e-04"
"1998-09-12",".3584","-9.0e-04"
"1998-09-12",".3685","0.0e+00"
"1998-09-14",".3503","-8.0e-04"
"1998-09-14",".3616","-5.0e-04"
"1998-09-16",".3250","-6.0e-04"
"1998-09-17",".3702","-1.0e-04"
"1998-09-18",".3939","-1.1e-03"
"1998-09-19",".3781","-1.4e-03"
"1998-09-19",".3784","-2.0e-04"
"1998-09-21",".3794","-8.0e-04"
"1998-09-21",".3557","-6.0e-04"
"1998-09-23",".3259","0.0e+00"
"1998-09-23",".3352","-2.0e-04"
"1998-09-25",".3433","-1.0e-03"
"1998-09-26",".3401","1.0e-04"
"1998-09-27",".3472","-6.0e-04"
"1998-09-28",".3576","-3.0e-04"
"1998-09-28",".3641","1.0e-04"
"1998-09-30",".3516","-9.0e-04"
"1998-09-30",".3542","-1.2e-03"
"1998-10-02",".3416","-5.0e-04"
"1998-10-02",".3648","-9.0e-04"
"1998-10-04",".3656","-9.0e-04"
"1998-10-05",".3729","2.0e-04"
"1998-10-06",".3976","-6.0e-04"
"1998-10-07",".3588","-6.0e-04"
"1998-10-07",".3288","-7.0e-04"
"1998-10-09",".3394","-5.0e-04"
"1998-10-09",".3475","-1.0e-04"
"1998-10-11",".3423","-5.0e-04"
"1998-10-11",".3499","-4.0e-04"
"1998-10-13",".3698","-9.0e-04"
"1998-10-14",".3588","-9.0e-04"
"1998-10-15",".3621","-5.0e-04"
"1998-10-16",".3742","-6.0e-04"
"1998-10-16",".3722","-7.0e-04"
"1998-10-18",".3754","6.0e-04"
"1998-10-18",".3525","3.0e-04"
"1998-10-20",".3362","-2.0e-04"
"1998-10-20",".3527","2.0e-04"
"1998-10-22",".3632","5.0e-04"
"1998-10-23",".3668","-9.0e-04"
"1998-10-23",".3547","2.0e-04"
"1998-10-25",".3484","-7.0e-04"
"1998-10-25",".3396","0.0e+00"
"1998-10-27",".3360","-7.0e-04"
"1998-10-27",".3155","-2.0e-04"
"1998-10-29",".3614","-1.0e-04"
"1998-10-29",".3460","2.0e-04"
"1998-10-31",".3663","-2.0e-04"
"1998-11-01",".3515","1.0e-04"
"1998-11-01",".3446","-1.4e-03"
"1998-11-03",".3325","-5.0e-04"
"1998-11-03",".3403","-1.0e-03"
"1998-11-05",".3449","5.0e-04"
"1998-11-05",".3249","7.0e-04"
"1998-11-07",".3341","-2.0e-04"
"1998-11-07",".3298","-1.1e-03"
"1998-11-09",".3219","-3.0e-04"
"1998-11-10",".3283","8.0e-04"
"1998-11-10",".3153","-1.0e-04"
"1998-11-12",".3094","5.0e-04"
"1998-11-12",".3193","-3.0e-04"
"1998-11-14",".3388","-2.0e-04"
"1998-11-14",".3373","-6.0e-04"
"1998-11-16",".3297","-1.0e-03"
"1998-11-16",".3295","-7.0e-04"
"1998-11-19",".3129","0.0e+00"
"1998-11-19",".3165","-9.0e-04"
"1998-11-21",".3293","-3.0e-04"
"1998-11-21",".3453","-1.0e-03"
"1998-11-23",".3359","-5.0e-04"
"1998-11-23",".3371","-6.0e-04"
"1998-11-25",".3512","-1.3e-03"
"1998-11-25",".3448","-6.0e-04"
"1998-11-27",".3291","-2.0e-04"
"1998-11-28",".3020","-4.0e-04"
"1998-11-28",".3162","-3.0e-04"
"1998-11-30",".3125","-1.0e-04"
"1998-11-30",".3226","-6.0e-04"
"1998-12-02",".3222","-2.0e-04"
"1998-12-02",".3037","-1.0e-04"
"1998-12-04",".3155","-3.0e-04"
"1998-12-04",".3058","4.0e-04"
"1998-12-06",".3140","-3.0e-04"
"1998-12-07",".3082","4.0e-04"
"1998-12-08",".3278","-8.0e-04"
"1998-12-09",".3158","4.0e-04"
"1998-12-09",".3413","-1.0e-04"
"1998-12-11",".3204","2.0e-04"
"1998-12-11",".3082","-5.0e-04"
"1998-12-13",".2813","8.0e-04"
"1999-01-03",".2702","-7.0e-04"
"1999-01-03",".2781","-2.0e-04"
"1999-01-05",".2745","-1.0e-04"
"1999-01-05",".2712","0.0e+00"
"1999-01-07",".2827","-4.0e-04"
"1999-01-08",".2918","-4.0e-04"
"1999-01-09",".2897","-4.0e-04"
"1999-01-10",".2768","-2.0e-04"
"1999-01-10",".2877","-1.0e-04"
"1999-01-12",".2840","-3.0e-04"
"1999-01-12",".2660","-2.0e-04"
"1999-01-14",".2800","-3.0e-04"
"1999-01-14",".2798","0.0e+00"
"1999-01-16",".2873","-5.0e-04"
"1999-01-17",".2944","-3.0e-04"
"1999-01-17",".2818","1.0e-04"
"1999-01-19",".2772","1.0e-04"
"1999-01-19",".2636","-1.0e-04"
"1999-01-21",".2600","-1.0e-04"
"1999-01-21",".2537","-4.0e-04"
"1999-01-23",".2724","-1.0e-03"
"1999-01-24",".2880","-7.0e-04"
"1999-01-25",".2851","-3.0e-04"
"1999-01-26",".2689","-7.0e-04"
"1999-01-26",".2658","1.0e-04"
"1999-01-28",".2767","-6.0e-04"
"1999-01-28",".2682","-6.0e-04"
"1999-01-30",".2706","-8.0e-04"
"1999-01-30",".2755","0.0e+00"
"1999-02-01",".2921","-1.0e-04"
"1999-02-02",".2897","-8.0e-04"
"1999-02-02",".2832","-2.0e-04"
"1999-02-04",".2769","-3.0e-04"
"1999-02-04",".2721","-4.0e-04"
"1999-02-06",".2601","-4.0e-04"
"1999-02-06",".2657","-4.0e-04"
"1999-02-08",".2701","-2.0e-04"
"1999-02-09",".2679","-4.0e-04"
"1999-02-10",".2763","-9.0e-04"
"1999-02-11",".2855","-1.1e-03"
"1999-02-11",".2740","-5.0e-04"
"1999-02-13",".2670","-2.0e-04"
"1999-02-13",".2560","1.0e-04"
"1999-02-15",".2638","1.0e-04"
"1999-02-15",".2588","-5.0e-04"
"1999-02-17",".2671","-2.0e-04"
"1999-02-18",".2666","-5.0e-04"
"1999-02-18",".2568","-1.0e-04"
"1999-02-20",".2544","-1.0e-04"
"1999-02-20",".2707","-1.0e-03"
"1999-02-22",".2769","-7.0e-04"
"1999-02-22",".2751","-9.0e-04"
"1999-02-24",".2656","-1.0e-03"
"1999-02-25",".2517","-2.0e-04"
"1999-02-26",".2731","-4.0e-04"
"1999-02-27",".2730","-9.0e-04"
"1999-02-27",".2754","1.1e-03"
"1999-03-01",".2848","-2.0e-04"
"1999-03-01",".2938","-6.0e-04"
"1999-03-03",".3031","-8.0e-04"
"1999-03-03",".2941","-1.1e-03"
"1999-03-05",".2659","-1.0e-04"
"1999-03-06",".2628","-4.0e-04"
"1999-03-06",".2813","2.0e-04"
"1999-03-08",".2878","-1.5e-03"
"1999-03-08",".2714","-3.0e-04"
"1999-03-10",".2686","-3.0e-04"
"1999-03-10",".2687","1.0e-04"
"1999-03-12",".2701","-8.0e-04"
"1999-03-13",".2816","-2.0e-04"
"1999-03-14",".2853","-9.0e-04"
"1999-03-15",".2810","-3.0e-04"
"1999-03-15",".2712","-6.0e-04"
"1999-03-17",".2718","-7.0e-04"
"1999-03-17",".2829","-1.0e-03"
"1999-03-19",".2787","-7.0e-04"
"1999-03-19",".2612","-5.0e-04"
"1999-03-21",".2619","-6.0e-04"
"1999-03-22",".2541","3.0e-04"
"1999-03-22",".2588","0.0e+00"
"1999-03-24",".2495","-4.0e-04"
"1999-03-24",".2697","-1.0e-03"
"1999-03-26",".2591","-8.0e-04"
"1999-03-26",".2436","-3.0e-04"
"1999-03-28",".2351","-9.0e-04"
"1999-03-29",".2212","-5.0e-04"
"1999-03-30",".2335","-9.0e-04"
"1999-03-31",".2502","-1.2e-03"
"1999-03-31",".2513","-5.0e-04"
"1999-04-02",".2699","-1.1e-03"
"1999-04-02",".2698","-1.3e-03"
"1999-04-04",".2702","-1.1e-03"
"1999-04-04",".2660","-1.2e-03"
"1999-04-06",".2537","-9.0e-04"
"1999-04-07",".2418","4.0e-04"
"1999-04-07",".2356","-5.0e-04"
"1999-04-09",".2493","-7.0e-04"
"1999-04-09",".2647","-7.0e-04"
"1999-04-11",".2817","-7.0e-04"
"1999-04-11",".2634","-5.0e-04"
"1999-04-13",".2692","-1.5e-03"
"1999-04-13",".2721","0.0e+00"
"1999-04-14",".2691","3.0e-04"
"1999-04-16",".2988","4.0e-04"
"1999-04-16",".3702","-1.0e-03"
"1999-04-18",".3074","-1.1e-03"
"1999-04-18",".2743","-4.0e-04"
"1999-04-20",".2745","-1.3e-03"
"1999-04-20",".2702","-7.0e-04"
"1999-04-22",".2698","-1.0e-03"
"1999-04-23",".2847","-1.3e-03"
"1999-04-24",".2933","-1.3e-03"
"1999-04-25",".2817","-1.4e-03"
"1999-04-25",".2694","-3.0e-04"
"1999-04-27",".2918","-1.6e-03"
"1999-04-27",".2886","-8.0e-04"
"1999-04-29",".2873","-1.4e-03"
"1999-04-29",".2827","-8.0e-04"
"1999-05-01",".2835","-4.0e-04"
"1999-05-02",".2838","-8.0e-04"
"1999-05-02",".2989","-1.0e-03"
"1999-05-04",".2986","-1.9e-03"
"1999-05-04",".2765","-1.0e-03"
"1999-05-06",".3167","-1.0e-03"
"1999-05-06",".2977","-1.5e-03"
"1999-05-08",".2743","-1.6e-03"
"1999-05-09",".2730","-6.0e-04"
"1999-05-10",".2814","-1.3e-03"
"1999-05-11",".2840","-1.2e-03"
"1999-05-11",".2695","3.0e-04"
"1999-05-13",".2578","-9.0e-04"
"1999-05-13",".2471","-9.0e-04"
"1999-05-15",".2423","-8.0e-04"
"1999-05-15",".2499","-7.0e-04"
"1999-05-17",".2660","-1.6e-03"
"1999-05-18",".2725","-1.2e-03"
"1999-05-18",".2800","-6.0e-04"
"1999-05-20",".2788","-1.5e-03"
"1999-05-20",".2760","-6.0e-04"
"1999-05-22",".2728","-9.0e-04"
"1999-05-22",".2611","-1.2e-03"
"1999-05-24",".2524","-1.3e-03"
"1999-05-24",".2464","-9.0e-04"
"1999-05-26",".2331","0.0e+00"
"1999-05-27",".2634","-1.2e-03"
"1999-05-27",".2624","-1.0e-04"
"1999-05-29",".3011","-1.4e-03"
"1999-05-29",".2455","1.0e-04"
"1999-05-31",".2603","-8.0e-04"
"1999-05-31",".2794","-1.5e-03"
"1999-06-02",".3179","-1.2e-03"
"1999-06-03",".3045","-1.0e-03"
"1999-06-04",".3069","-4.0e-04"
"1999-06-05",".3206","-1.3e-03"
"1999-06-05",".2903","-9.0e-04"
"1999-06-07",".2893","-1.0e-03"
"1999-06-07",".2958","-4.0e-04"
"1999-06-09",".2973","-1.2e-03"
"1999-06-09",".2948","-1.0e-03"
"1999-06-11",".2700","-1.0e-03"
"1999-06-12",".2781","-9.0e-04"
"1999-06-12",".2906","-5.0e-04"
"1999-06-14",".2682","-7.0e-04"
"1999-06-14",".2759","-9.0e-04"
"1999-06-16",".3255","-7.0e-04"
"1999-06-16",".3201","-1.6e-03"
"1999-06-18",".3130","-1.1e-03"
"1999-06-18",".3000","-1.1e-03"
"1999-06-19",".3054","-2.0e-04"
"1999-06-21",".3045","-1.4e-03"
"1999-06-21",".3067","-8.0e-04"
"1999-06-23",".2993","-4.0e-04"
"1999-06-23",".2677","-9.0e-04"
"1999-06-25",".2634","-6.0e-04"
"1999-06-25",".2531","-7.0e-04"
"1999-06-27",".3180","-1.2e-03"
"1999-06-28",".3348","-9.0e-04"
"1999-06-28",".3179","-7.0e-04"
"1999-06-30",".2952","-1.2e-03"
"1999-06-30",".2743","-9.0e-04"
"1999-07-02",".3209","-1.4e-03"
"1999-07-02",".2990","-2.0e-04"
"1999-07-04",".3851","-9.0e-04"
"1999-07-04",".3084","-1.6e-03"
"1999-07-06",".3082","-1.2e-03"
"1999-07-07",".3142","-7.0e-04"
"1999-07-07",".3362","1.0e-04"
"1999-07-09",".2844","-1.4e-03"
"1999-07-09",".2893","-7.0e-04"
"1999-07-11",".3145","-1.1e-03"
"1999-07-11",".3264","-1.1e-03"
"1999-07-13",".3233","-1.0e-03"
"1999-07-13",".3349","-1.3e-03"
"1999-07-15",".3058","-7.0e-04"
"1999-07-16",".2946","-1.3e-03"
"1999-07-16",".2777","-9.0e-04"
"1999-07-18",".2968","-9.0e-04"
"1999-07-18",".2994","-2.0e-04"
"1999-07-20",".3304","-6.0e-04"
"1999-07-20",".3141","-5.0e-04"
"1999-07-22",".3509","-1.1e-03"
"1999-07-23",".3400","-5.0e-04"
"1999-07-23",".3038","-6.0e-04"
"1999-07-25",".3045","-9.0e-04"
"1999-07-25",".3177","-6.0e-04"
"1999-07-27",".4344","-1.2e-03"
"1999-07-27",".3326","-1.4e-03"
"1999-07-29",".2909","-1.2e-03"
"1999-07-29",".3410","-4.0e-04"
"1999-07-31",".3269","-1.3e-03"
"1999-08-01",".3069","-1.2e-03"
"1999-08-01",".2920","5.0e-04"
"1999-08-03",".3452","-1.2e-03"
"1999-08-03",".3521","-1.0e-03"
"1999-08-05",".3574","-5.0e-04"
"1999-08-05",".4287","-1.2e-03"
"1999-08-07",".3599","-1.6e-03"
"1999-08-07",".3609","-1.7e-03"
"1999-08-09",".3430","-1.4e-03"
"1999-08-10",".3412","-1.7e-03"
"1999-08-10",".3218","-3.0e-04"
"1999-08-12",".3300","-6.0e-04"
"1999-08-12",".3413","-9.0e-04"
"1999-08-14",".3033","-6.0e-04"
"1999-08-14",".2883","-7.0e-04"
"1999-08-16",".3171","-9.0e-04"
"1999-08-17",".3069","-1.2e-03"
"1999-08-18",".3695","-9.0e-04"
"1999-08-19",".3280","-1.0e-03"
"1999-08-19",".3226","2.0e-04"
"1999-08-21",".3671","-1.0e-03"
"1999-08-21",".3726","-8.0e-04"
"1999-08-23",".3609","-1.2e-03"
"1999-08-23",".3493","-1.5e-03"
"1999-08-25",".3564","-1.3e-03"
"1999-08-26",".3489","-1.4e-03"
"1999-08-26",".3348","-7.0e-04"
"1999-08-28",".3410","-1.1e-03"
"1999-08-28",".3315","-8.0e-04"
"1999-08-30",".3256","-5.0e-04"
"1999-08-30",".3217","-8.0e-04"
"1999-09-01",".3201","-1.1e-03"
"1999-09-01",".3388","-9.0e-04"
"1999-09-03",".3255","-4.0e-04"
"1999-09-04",".3268","-8.0e-04"
"1999-09-04",".3456","-3.0e-04"
"1999-09-06",".3206","-1.0e-03"
"1999-09-06",".3117","1.0e-04"
"1999-09-08",".3235","-1.6e-03"
"1999-09-08",".3183","-1.2e-03"
"1999-09-10",".3203","-8.0e-04"
"1999-09-10",".3358","-7.0e-04"
"1999-09-11",".3404","1.0e-04"
"1999-09-13",".3315","-3.0e-04"
"1999-09-13",".3335","-8.0e-04"
"1999-09-15",".3448","-1.0e-03"
"1999-09-15",".3401","-5.0e-04"
"1999-09-17",".3624","-2.0e-03"
"1999-09-17",".3212","-8.0e-04"
"1999-09-19",".2751","-1.0e-04"
"1999-09-19",".3038","-9.0e-04"
"1999-09-21",".3446","-6.0e-04"
"1999-09-22",".3388","-1.6e-03"
"1999-09-22",".3335","-2.0e-04"
"1999-09-24",".3488","-5.0e-04"
"1999-09-24",".3405","1.0e-04"
"1999-09-26",".3513","-6.0e-04"
"1999-09-26",".3796","-3.0e-04"
"1999-09-28",".3413","-7.0e-04"
"1999-09-29",".3182","-2.0e-04"
"1999-09-30",".3183","-6.0e-04"
"1999-10-01",".3162","-5.0e-04"
"1999-10-01",".3439","-7.0e-04"
"1999-10-03",".3530","1.0e-04"
"1999-10-03",".3420","-4.0e-04"
"1999-10-05",".3297","-3.0e-04"
"1999-10-05",".3332","0.0e+00"
"1999-10-07",".3399","-9.0e-04"
"1999-10-08",".3215","-7.0e-04"
"1999-10-08",".3525","-1.4e-03"
"1999-10-10",".3390","-3.0e-04"
"1999-10-10",".3366","-3.0e-04"
"1999-10-12",".3474","-3.0e-04"
"1999-10-12",".3609","-1.0e-03"
"1999-10-14",".3814","-9.0e-04"
"1999-10-14",".3561","1.0e-04"
"1999-10-16",".3520","-1.0e-03"
"1999-10-17",".3470","-3.0e-04"
"1999-10-17",".3439","-5.0e-04"
"1999-10-19",".3391","-6.0e-04"
"1999-10-19",".3344","-1.0e-04"
"1999-10-21",".3460","-6.0e-04"
"1999-10-21",".3485","-4.0e-04"
"1999-10-23",".3455","-9.0e-04"
"1999-10-23",".3548","-7.0e-04"
"1999-10-25",".3495","-1.0e-04"
"1999-10-26",".3311","1.0e-04"
"1999-10-26",".3267","9.0e-04"
"1999-10-28",".3407","-2.0e-04"
"1999-10-28",".3254","-5.0e-04"
"1999-10-30",".3242","-5.0e-04"
"1999-10-30",".3270","4.0e-04"
"1999-11-01",".3166","-2.0e-04"
"1999-11-01",".3151","-9.0e-04"
"1999-11-03",".3139","-5.0e-04"
"1999-11-04",".3223","-7.0e-04"
"1999-11-04",".3188","-4.0e-04"
"1999-11-06",".3303","-7.0e-04"
"1999-11-06",".3323","-5.0e-04"
"1999-11-08",".3368","-1.5e-03"
"1999-11-08",".3165","0.0e+00"
"1999-11-10",".3055","0.0e+00"
"1999-11-10",".3434","1.0e-04"
"1999-11-11",".3455","4.0e-04"
"1999-11-13",".3401","1.0e-04"
"1999-11-13",".3368","-9.0e-04"
"1999-11-15",".3371","6.0e-04"
"1999-11-15",".3363","-8.0e-04"
"1999-11-17",".3325","-3.0e-04"
"1999-11-19",".3580","-7.0e-04"
"1999-11-19",".3569","-1.1e-03"
"1999-11-20",".3612","-7.0e-04"
"1999-11-22",".3368","-6.0e-04"
"1999-11-22",".3127","-2.0e-04"
"1999-11-24",".3196","5.0e-04"
"1999-11-24",".3344","0.0e+00"
"1999-11-26",".3326","-8.0e-04"
"1999-11-26",".3297","-5.0e-04"
"1999-11-28",".3332","-8.0e-04"
"1999-11-29",".3301","1.0e-04"
"1999-11-29",".3352","-5.0e-04"
"1999-12-01",".3108","1.0e-04"
"1999-12-01",".3080","-8.0e-04"
"1999-12-03",".3110","-6.0e-04"
"1999-12-03",".3040","-9.0e-04"
"1999-12-05",".3072","1.0e-04"
"1999-12-05",".3113","-1.0e-04"
"1999-12-07",".3270","-7.0e-04"
"1999-12-07",".3273","-8.0e-04"
"1999-12-09",".3205","-9.0e-04"
"1999-12-10",".3133","-1.1e-03"
"1999-12-10",".2923","0.0e+00"
"1999-12-12",".3030","-4.0e-04"
"1999-12-12",".3170","-4.0e-04"
"1999-12-14",".3091","-1.1e-03"
"1999-12-14",".2995","-1.0e-04"
"1999-12-16",".3039","-8.0e-04"
"1999-12-16",".3055","2.0e-04"
"1999-12-18",".2840","-6.0e-04"
"1999-12-19",".2941","-2.0e-04"
"1999-12-19",".3268","-4.0e-04"
"1999-12-21",".3198","-1.0e-03"
"1999-12-21",".3201","-8.0e-04"
"1999-12-23",".3078","-9.0e-04"
"1999-12-23",".2993","-2.0e-04"
"1999-12-25",".3407","-8.0e-04"
"1999-12-25",".3123","-1.0e-04"
"1999-12-26",".3014","-9.0e-04"
"1999-12-28",".3096","-4.0e-04"
"1999-12-28",".2970","-5.0e-04"
"1999-12-30",".2848","-6.0e-04"
"1999-12-30",".2853","1.0e-04"
"2000-01-01",".2923","-3.0e-04"
"2000-01-01",".2946","-2.0e-04"
"2000-01-03",".2995","2.0e-04"
"2000-01-03",".3088","1.0e-04"
"2000-01-04",".2882","-1.2e-03"
"2000-01-06",".2957","1.0e-04"
"2000-01-06",".2988","-2.0e-04"
"2000-01-08",".2954","-1.0e-03"
"2000-01-08",".3062","-6.0e-04"
"2000-01-10",".3012","-9.0e-04"
"2000-01-10",".2952","-3.0e-04"
"2000-01-12",".3031","-1.1e-03"
"2000-01-12",".2869","-4.0e-04"
"2000-01-13",".2786","-2.0e-04"
"2000-01-15",".2790","-3.0e-04"
"2000-01-15",".2908","-7.0e-04"
"2000-01-17",".2991","-1.0e-03"
"2000-01-17",".2916","-4.0e-04"
"2000-01-19",".2923","-7.0e-04"
"2000-01-19",".2803","-3.0e-04"
"2000-01-21",".2803","-2.0e-04"
"2000-01-21",".2838","1.0e-04"
"2000-01-22",".2600","0.0e+00"
"2000-01-24",".2660","-1.0e-04"
"2000-01-24",".2607","-4.0e-04"
"2000-01-26",".2750","-1.0e-04"
"2000-01-26",".2835","-5.0e-04"
"2000-01-28",".2806","-5.0e-04"
"2000-01-28",".2539","-2.0e-04"
"2000-01-30",".2888","-1.0e-03"
"2000-01-30",".3001","-4.0e-04"
"2000-02-01",".2924","-7.0e-04"
"2000-02-02",".3027","-3.0e-04"
"2000-02-02",".2767","-2.0e-04"
"2000-02-04",".2757","1.0e-04"
"2000-02-04",".2798","1.0e-04"
"2000-02-06",".2683","-9.0e-04"
"2000-02-06",".2803","-7.0e-04"
"2000-02-08",".2695","-8.0e-04"
"2000-02-08",".2529","6.0e-04"
"2000-02-10",".2800","-5.0e-04"
"2000-02-11",".2761","-7.0e-04"
"2000-02-11",".2672","3.0e-04"
"2000-02-13",".2674","2.0e-04"
"2000-02-13",".2741","-1.0e-04"
"2000-02-15",".2593","-5.0e-04"
"2000-02-15",".2586","-4.0e-04"
"2000-02-17",".2760","-8.0e-04"
"2000-02-17",".2817","-3.0e-04"
"2000-02-19",".2797","-2.0e-04"
"2000-02-20",".2775","0.0e+00"
"2000-02-20",".2794","-6.0e-04"
"2000-02-22",".2848","2.0e-04"
"2000-02-22",".2781","-6.0e-04"
"2000-02-24",".2615","5.0e-04"
"2000-02-24",".2693","2.0e-04"
"2000-02-26",".2835","-1.1e-03"
"2000-02-26",".2547","0.0e+00"
"2000-02-28",".2804","-6.0e-04"
"2000-02-28",".2803","-6.0e-04"
"2000-03-01",".2855","-1.1e-03"
"2000-03-02",".2637","-1.1e-03"
"2000-03-02",".2773","-3.0e-04"
"2000-03-04",".2553","-3.0e-04"
"2000-03-04",".2686","-1.3e-03"
"2000-03-06",".2586","0.0e+00"
"2000-03-06",".2733","-7.0e-04"
"2000-03-08",".2806","-9.0e-04"
"2000-03-08",".2818","-4.0e-04"
"2000-03-10",".2787","-5.0e-04"
"2000-03-11",".2675","-4.0e-04"
"2000-03-11",".2658","5.0e-04"
"2000-03-13",".2759","-1.0e-03"
"2000-03-13",".2949","-8.0e-04"
"2000-03-15",".2697","-5.0e-04"
"2000-03-15",".2664","0.0e+00"
"2000-03-17",".2692","-1.5e-03"
"2000-03-17",".2565","-5.0e-04"
"2000-03-19",".2469","-5.0e-04"
"2000-03-20",".2627","-5.0e-04"
"2000-03-20",".2641","5.0e-04"
"2000-03-22",".2859","-1.1e-03"
"2000-03-22",".2797","-6.0e-04"
"2000-03-24",".2790","-8.0e-04"
"2000-03-24",".2717","-1.1e-03"
"2000-03-26",".2742","-1.2e-03"
"2000-03-26",".2629","-1.1e-03"
"2000-03-28",".2610","-8.0e-04"
"2000-03-28",".2672","-1.0e-03"
"2000-03-29",".2613","-1.0e-03"
"2000-03-31",".2688","-1.1e-03"
"2000-03-31",".2537","3.0e-04"
"2000-04-02",".2589","-1.0e-03"
"2000-04-02",".2713","-1.7e-03"
"2000-04-04",".2593","-1.0e-04"
"2000-04-04",".2775","-3.0e-04"
"2000-04-06",".2724","-7.0e-04"
"2000-04-06",".2588","-9.0e-04"
"2000-04-08",".2669","-1.0e-03"
"2000-04-09",".2536","-1.0e-03"
"2000-04-09",".2606","-8.0e-04"
"2000-04-11",".2672","-8.0e-04"
"2000-04-11",".2655","-1.2e-03"
"2000-04-13",".2779","-1.5e-03"
"2000-04-13",".2690","-7.0e-04"
"2000-04-15",".2681","-1.4e-03"
"2000-04-15",".2625","-6.0e-04"
"2000-04-17",".2677","-7.0e-04"
"2000-04-17",".2555","-4.0e-04"
"2000-04-18",".2601","3.0e-04"
"2000-04-20",".2820","-1.7e-03"
"2000-04-20",".2683","-1.0e-04"
"2000-04-22",".2874","-1.7e-03"
"2000-04-22",".2768","7.0e-04"
"2000-04-24",".2980","-1.2e-03"
"2000-04-24",".3073","-1.0e-03"
"2000-04-26",".2963","-1.1e-03"
"2000-04-26",".3037","-8.0e-04"
"2000-04-28",".3104","-1.5e-03"
"2000-04-29",".2734","-5.0e-04"
"2000-04-29",".2664","-4.0e-04"
"2000-05-01",".2553","-8.0e-04"
"2000-05-01",".2459","-1.6e-03"
"2000-05-03",".2431","-1.1e-03"
"2000-05-03",".2457","-1.1e-03"
"2000-05-05",".2566","-7.0e-04"
"2000-05-05",".2516","-1.0e-03"
"2000-05-07",".2553","-7.0e-04"
"2000-05-07",".2536","-1.1e-03"
"2000-05-08",".2500","-1.1e-03"
"2000-05-10",".2657","-2.0e-03"
"2000-05-10",".2479","-2.0e-04"
"2000-05-12",".2454","-9.0e-04"
"2000-05-12",".2608","-1.4e-03"
"2000-05-14",".2567","-1.2e-03"
"2000-05-14",".2701","-8.0e-04"
"2000-05-16",".2967","-6.0e-04"
"2000-05-16",".2967","-1.5e-03"
"2000-05-18",".3113","-1.7e-03"
"2000-05-18",".2935","-1.9e-03"
"2000-05-20",".3061","-8.0e-04"
"2000-05-21",".3157","-8.0e-04"
"2000-05-21",".3107","-7.0e-04"
"2000-05-23",".3189","-1.4e-03"
"2000-05-23",".3091","-1.2e-03"
"2000-05-25",".2897","-1.7e-03"
"2000-05-25",".2951","-1.5e-03"
"2000-05-27",".2803","-1.5e-03"
"2000-05-27",".2655","-1.4e-03"
"2000-05-29",".2460","-4.0e-04"
"2000-05-30",".2555","-1.1e-03"
"2000-05-30",".2642","-7.0e-04"
"2000-06-01",".2910","-9.0e-04"
"2000-06-01",".2967","-7.0e-04"
"2000-06-03",".2837","-9.0e-04"
"2000-06-03",".3113","-7.0e-04"
"2000-06-05",".3082","-1.7e-03"
"2000-06-05",".2951","-4.0e-04"
"2000-06-07",".3529","-6.0e-04"
"2000-06-07",".3383","-1.7e-03"
"2000-06-09",".3140","-7.0e-04"
"2000-06-10",".3307","-4.0e-04"
"2000-06-10",".3351","-9.0e-04"
"2000-06-12",".3676","-1.6e-03"
"2000-06-12",".3648","-5.0e-04"
"2000-06-14",".3285","-1.7e-03"
"2000-06-14",".3004","-9.0e-04"
"2000-06-16",".2869","-8.0e-04"
"2000-06-16",".2843","-7.0e-04"
"2000-06-18",".2788","-1.0e-03"
"2000-06-18",".2724","-1.6e-03"
"2000-06-20",".2609","-8.0e-04"
"2000-06-21",".2744","-8.0e-04"
"2000-06-21",".3194","0.0e+00"
"2000-06-23",".3218","-1.8e-03"
"2000-06-23",".3183","-2.0e-04"
"2000-06-25",".3304","-1.8e-03"
"2000-06-25",".3088","-4.0e-04"
"2000-06-27",".3013","-1.0e-03"
"2000-06-27",".2906","-8.0e-04"
"2000-06-29",".3070","-5.0e-04"
"2000-06-29",".3231","-1.1e-03"
"2000-07-01",".3235","-1.4e-03"
"2000-07-02",".3295","-1.4e-03"
"2000-07-02",".3101","-1.0e-03"
"2000-07-04",".2939","-1.2e-03"
"2000-07-04",".2982","-1.1e-03"
"2000-07-06",".3017","-1.4e-03"
"2000-07-06",".3252","-1.5e-03"
"2000-07-08",".3201","-2.0e-03"
"2000-07-08",".3158","-1.0e-03"
"2000-07-10",".3175","-1.6e-03"
"2000-07-10",".3583","-1.7e-03"
"2000-07-12",".3594","-1.8e-03"
"2000-07-13",".3262","-1.6e-03"
"2000-07-13",".2996","-9.0e-04"
"2000-07-15",".3050","-1.5e-03"
"2000-07-15",".3564","-1.3e-03"
"2000-07-17",".3705","-1.9e-03"
"2000-07-17",".3725","-1.3e-03"
"2000-07-19",".3539","-1.4e-03"
"2000-07-19",".3159","-9.0e-04"
"2000-07-21",".3223","-9.0e-04"
"2000-07-21",".3241","-5.0e-04"
"2000-07-23",".3458","-1.1e-03"
"2000-07-24",".3675","-1.3e-03"
"2000-07-24",".3423","-5.0e-04"
"2000-07-26",".3512","-7.0e-04"
"2000-07-26",".3210","-2.0e-04"
"2000-07-28",".3402","-6.0e-04"
"2000-07-28",".3593","-9.0e-04"
"2000-07-30",".3487","-7.0e-04"
"2000-07-30",".3542","-1.5e-03"
"2000-08-01",".3523","-6.0e-04"
"2000-08-01",".3587","-1.5e-03"
"2000-08-02",".3604","-8.0e-04"
"2000-08-04",".3831","-1.2e-03"
"2000-08-04",".3821","-9.0e-04"
"2000-08-06",".3412","-1.5e-03"
"2000-08-06",".3056","-1.2e-03"
"2000-08-08",".2998","-1.2e-03"
"2000-08-08",".3383","-1.4e-03"
"2000-08-10",".3207","-6.0e-04"
"2000-08-10",".3412","-1.8e-03"
"2000-08-12",".3507","-9.0e-04"
"2000-08-12",".3407","-1.1e-03"
"2000-08-13",".3442","-1.0e-03"
"2000-08-15",".3345","-1.3e-03"
"2000-08-15",".3426","3.0e-04"
"2000-08-17",".3471","-1.2e-03"
"2000-08-17",".3623","-9.0e-04"
"2000-08-19",".3726","-9.0e-04"
"2000-08-19",".3800","-1.5e-03"
"2000-08-21",".3365","-4.0e-04"
"2000-08-21",".3865","-3.0e-04"
"2000-08-23",".3585","-5.0e-04"
"2000-08-23",".3390","-1.3e-03"
"2000-08-24",".2952","5.0e-04"
"2000-08-26",".2739","5.0e-04"
"2000-08-26",".2895","-7.0e-04"
"2000-08-28",".3218","-1.1e-03"
"2000-08-28",".3223","-4.0e-04"
"2000-08-30",".3542","-8.0e-04"
"2000-08-30",".3629","-5.0e-04"
"2000-09-01",".3817","-1.3e-03"
"2000-09-01",".3752","-1.0e-03"
"2000-09-03",".3652","-7.0e-04"
"2000-09-03",".3706","-1.0e-03"
"2000-09-05",".3724","-1.0e-03"
"2000-09-06",".3458","1.0e-04"
"2000-09-06",".3404","-1.0e-04"
"2000-09-08",".3196","-1.2e-03"
"2000-09-08",".3255","-1.4e-03"
"2000-09-10",".3279","-3.0e-04"
"2000-09-10",".3439","-7.0e-04"
"2000-09-12",".3116","-5.0e-04"
"2000-09-12",".3145","-3.0e-04"
"2000-09-14",".3634","-1.6e-03"
"2000-09-14",".3505","-8.0e-04"
"2000-09-16",".3538","-6.0e-04"
"2000-09-17",".3280","-1.1e-03"
"2000-09-17",".3273","0.0e+00"
"2000-09-19",".3538","2.0e-04"
"2000-09-19",".3365","1.6e-03"
"2000-09-21",".3775","-8.0e-04"
"2000-09-21",".3648","-5.0e-04"
"2000-09-23",".3665","-3.0e-04"
"2000-09-23",".3708","5.0e-04"
"2000-09-25",".3644","-4.0e-04"
"2000-09-25",".4008","-7.0e-04"
"2000-09-27",".3680","-6.0e-04"
"2000-09-27",".3719","-7.0e-04"
"2000-09-29",".3789","-3.0e-04"
"2000-09-30",".3543","1.0e-04"
"2000-09-30",".3543","-7.0e-04"
"2000-10-02",".3507","-4.0e-04"
"2000-10-02",".3852","1.0e-04"
"2000-10-04",".3691","-4.0e-04"
"2000-10-04",".3674","-8.0e-04"
"2000-10-06",".3588","-8.0e-04"
"2000-10-06",".3677","-7.0e-04"
"2000-10-08",".3452","5.0e-04"
"2000-10-08",".3475","-3.0e-04"
"2000-10-10",".3717","-5.0e-04"
"2000-10-11",".3621","-2.0e-04"
"2000-10-11",".4094","-2.0e-04"
"2000-10-13",".3870","-2.1e-03"
"2000-10-13",".3411","2.0e-04"
"2000-10-15",".3265","0.0e+00"
"2000-10-15",".3479","8.0e-04"
"2000-10-17",".3556","-1.0e-04"
"2000-10-17",".3774","3.0e-04"
"2000-10-19",".3556","-7.0e-04"
"2000-10-19",".3343","-3.0e-04"
"2000-10-21",".3407","-1.0e-04"
"2000-10-22",".3646","-1.0e-04"
"2000-10-22",".3474","6.0e-04"
"2000-10-24",".3544","4.0e-04"
"2000-10-24",".3460","-9.0e-04"
"2000-10-26",".3487","4.0e-04"
"2000-10-26",".3328","-4.0e-04"
"2000-10-28",".3437","-6.0e-04"
"2000-10-28",".3505","-9.0e-04"
"2000-10-30",".3540","-3.0e-04"
"2000-10-30",".3541","4.0e-04"
"2000-11-01",".3460","4.0e-04"
"2000-11-01",".3511","5.0e-04"
"2000-11-03",".3562","-1.0e-04"
"2000-11-04",".3440","2.0e-04"
"2000-11-04",".3280","1.0e-04"
"2000-11-06",".3529","0.0e+00"
"2000-11-06",".3541","-6.0e-04"
"2000-11-08",".3471","5.0e-04"
"2000-11-08",".3437","8.0e-04"
"2000-11-10",".3509","-3.0e-04"
"2000-11-10",".3272","1.0e-04"
"2000-11-12",".3355","-2.0e-04"
"2000-11-12",".3345","0.0e+00"
"2000-11-14",".3546","-3.0e-04"
"2000-11-14",".3673","2.0e-04"
"2000-11-15",".3451","-3.0e-04"
"2000-11-17",".3325","-4.0e-04"
"2000-11-17",".3420","-1.5e-03"
"2000-11-19",".3501","-6.0e-04"
"2000-11-19",".3224","3.0e-04"
"2000-11-21",".3373","3.0e-04"
"2000-11-21",".3364","-1.0e-03"
"2000-11-23",".3344","-4.0e-04"
"2000-11-23",".3265","-5.0e-04"
"2000-11-25",".3406","-7.0e-04"
"2000-11-25",".3157","-1.0e-04"
"2000-11-27",".3283","-7.0e-04"
"2000-11-28",".3236","0.0e+00"
"2000-11-28",".3290","-5.0e-04"
"2000-11-30",".3225","-1.0e-03"
"2000-11-30",".2952","1.4e-03"
"2000-12-02",".2910","1.0e-04"
"2000-12-02",".2936","-4.0e-04"
"2000-12-04",".2974","-1.0e-04"
"2000-12-04",".2902","0.0e+00"
"2000-12-06",".3002","1.0e-04"
"2000-12-06",".2961","9.0e-04"
"2000-12-08",".3150","1.0e-04"
"2000-12-08",".3017","-2.0e-04"
"2000-12-09",".2976","-2.0e-04"
"2000-12-11",".3122","4.0e-04"
"2000-12-11",".3179","-1.0e-03"
"2000-12-13",".2895","0.0e+00"
"2000-12-13",".2774","2.2e-03"
"2000-12-15",".2983","-4.0e-04"
"2000-12-15",".2800","6.0e-04"
"2000-12-17",".2912","-8.0e-04"
"2000-12-17",".2824","-1.8e-03"
"2000-12-19",".2941","-9.0e-04"
"2000-12-19",".2937","-1.7e-03"
"2000-12-21",".2940","-6.0e-04"
"2000-12-21",".2966","2.0e-04"
"2000-12-22",".2654","1.3e-03"
"2000-12-24",".2960","-8.0e-04"
"2000-12-24",".2857","-1.5e-03"
"2000-12-26",".2826","-1.0e-03"
"2000-12-26",".2841","-1.3e-03"
"2000-12-28",".2868","4.0e-04"
"2000-12-28",".2634","-8.0e-04"
"2000-12-30",".2812","-6.0e-04"
"2000-12-30",".2946","-1.9e-03"
"2001-01-01",".3184","-3.0e-04"
"2001-01-01",".2975","2.0e-04"
"2001-01-03",".3115","-8.0e-04"
"2001-01-03",".2886","-7.0e-04"
"2001-01-04",".2856","-3.0e-04"
"2001-01-06",".2865","-6.0e-04"
"2001-01-06",".2865","-2.0e-04"
"2001-01-08",".3031","-1.4e-03"
"2001-01-08",".2955","-1.1e-03"
"2001-01-10",".2936","8.0e-04"
"2001-01-10",".2843","1.0e-04"
"2001-01-12",".3028","-9.0e-04"
"2001-01-12",".2979","-1.5e-03"
"2001-01-14",".3226","-1.5e-03"
"2001-01-14",".3064","-7.0e-04"
"2001-01-16",".2941","-5.0e-04"
"2001-01-16",".3037","-1.0e-03"
"2001-01-18",".3228","-1.6e-03"
"2001-01-19",".3040","-1.3e-03"
"2001-01-19",".3016","0.0e+00"
"2001-01-21",".2784","0.0e+00"
"2001-01-21",".2766","-5.0e-04"
"2001-01-23",".2823","-4.0e-04"
"2001-01-23",".2745","-9.0e-04"
"2001-01-25",".2708","4.0e-04"
"2001-01-25",".2703","-1.4e-03"
"2001-01-27",".3070","-1.5e-03"
"2001-01-27",".2909","-9.0e-04"
"2001-01-29",".3043","-1.1e-03"
"2001-01-29",".2857","-8.0e-04"
"2001-01-31",".2833","-7.0e-04"
"2001-01-31",".2925","-8.0e-04"
"2001-02-02",".3142","-1.1e-03"
"2001-02-03",".2782","-1.6e-03"
"2001-02-03",".2579","-3.0e-04"
"2001-02-05",".2699","-2.0e-04"
"2001-02-05",".2783","-1.1e-03"
"2001-02-07",".3024","-1.6e-03"
"2001-02-07",".3066","-6.0e-04"
"2001-02-09",".2998","-6.0e-04"
"2001-02-09",".2715","-6.0e-04"
"2001-02-11",".2523","-7.0e-04"
"2001-02-11",".2555","-5.0e-04"
"2001-02-13",".2727","-1.5e-03"
"2001-02-13",".2682","-5.0e-04"
"2001-02-14",".2488","2.0e-04"
"2001-02-16",".2546","-1.4e-03"
"2001-02-16",".2472","1.0e-04"
"2001-02-18",".2986","-1.6e-03"
"2001-02-18",".2716","-8.0e-04"
"2001-02-20",".2549","-2.0e-03"
"2001-02-20",".2417","-7.0e-04"
"2001-02-22",".2428","0.0e+00"
"2001-02-22",".2672","-1.0e-04"
"2001-02-24",".2775","-6.0e-04"
"2001-02-24",".2736","5.0e-04"
"2001-02-26",".2904","-1.2e-03"
"2001-02-26",".2767","-1.1e-03"
"2001-02-28",".2733","2.0e-04"
"2001-03-01",".2668","9.0e-04"
"2001-03-01",".2679","-1.0e-04"
"2001-03-03",".2779","-5.0e-04"
"2001-03-03",".2896","-1.1e-03"
"2001-03-05",".2844","-4.0e-04"
"2001-03-05",".2789","-1.1e-03"
"2001-03-07",".2752","-3.0e-04"
"2001-03-07",".2631","6.0e-04"
"2001-03-09",".2920","-1.5e-03"
"2001-03-09",".2875","-7.0e-04"
"2001-03-11",".2946","-1.2e-03"
"2001-03-11",".2764","-8.0e-04"
"2001-03-13",".2739","2.0e-04"
"2001-03-13",".2767","6.0e-04"
"2001-03-14",".2809","-3.0e-04"
"2001-03-16",".2653","1.2e-03"
"2001-03-16",".2649","-5.0e-04"
"2001-03-18",".2801","0.0e+00"
"2001-03-18",".2866","-1.3e-03"
"2001-03-20",".2862","-1.5e-03"
"2001-03-20",".2748","-9.0e-04"
"2001-03-22",".2881","-1.0e-03"
"2001-03-22",".2715","-1.1e-03"
"2001-03-24",".2751","-1.7e-03"
"2001-03-24",".2562","-2.0e-04"
"2001-03-26",".2483","-3.0e-04"
"2001-03-26",".2314","-2.0e-04"
"2001-03-27",".2278","-4.0e-04"
"2001-03-29",".2585","-1.6e-03"
"2001-03-29",".2723","-1.5e-03"
"2001-03-31",".2798","-4.0e-04"
"2001-03-31",".2580","-6.0e-04"
"2001-04-02",".2480","-3.0e-04"
"2001-04-02",".2665","-1.9e-03"
"2001-04-04",".2944","-7.0e-04"
"2001-04-04",".2788","2.0e-04"
"2001-04-06",".2902","-1.2e-03"
"2001-04-06",".2719","-5.0e-04"
"2001-04-08",".2845","-1.1e-03"
"2001-04-08",".2730","-9.0e-04"
"2001-04-10",".2809","0.0e+00"
"2001-04-10",".2760","-3.0e-04"
"2001-04-11",".2505","1.4e-03"
"2001-04-13",".2856","-1.9e-03"
"2001-04-13",".2838","-1.3e-03"
"2001-04-15",".2654","-8.0e-04"
"2001-04-15",".2566","-5.0e-04"
"2001-04-17",".2675","-1.0e-03"
"2001-04-17",".2598","-9.0e-04"
"2001-04-19",".2581","-2.0e-04"
"2001-04-19",".2504","-4.0e-04"
"2001-04-21",".2683","-6.0e-04"
"2001-04-21",".2658","-7.0e-04"
"2001-04-23",".2732","-6.0e-04"
"2001-04-23",".2666","3.0e-04"
"2001-04-25",".2715","-1.5e-03"
"2001-04-25",".2678","-9.0e-04"
"2001-04-26",".2530","0.0e+00"
"2001-04-28",".2744","-1.3e-03"
"2001-04-28",".2644","-5.0e-04"
"2001-04-30",".2631","-1.1e-03"
"2001-04-30",".2602","-1.4e-03"
"2001-05-02",".2603","-6.0e-04"
"2001-05-02",".2700","-1.7e-03"
"2001-05-04",".2756","-9.0e-04"
"2001-05-04",".2730","-1.0e-03"
"2001-05-06",".2798","-8.0e-04"
"2001-05-06",".2745","-4.0e-04"
"2001-05-08",".2805","-1.0e-04"
"2001-05-08",".2794","-1.1e-03"
"2001-05-10",".2829","-6.0e-04"
"2001-05-10",".2992","-3.0e-04"
"2001-05-11",".3027","-6.0e-04"
"2001-05-13",".2804","-1.0e-03"
"2001-05-13",".2607","-1.6e-03"
"2001-05-15",".2899","-7.0e-04"
"2001-05-15",".3083","-1.6e-03"
"2001-05-17",".2859","-1.1e-03"
"2001-05-17",".2742","-1.3e-03"
"2001-05-19",".2878","3.0e-04"
"2001-05-19",".2980","-1.5e-03"
"2001-05-21",".2966","-1.4e-03"
"2001-05-21",".2773","-1.2e-03"
"2001-05-23",".2856","2.0e-04"
"2001-05-23",".2867","-2.2e-03"
"2001-05-25",".2688","4.0e-04"
"2001-05-25",".2955","-3.0e-03"
"2001-05-26",".3054","-1.4e-03"
"2001-05-27",".3319","-1.0e-03"
"2001-05-28",".3121","-5.0e-04"
"2001-05-30",".3147","-1.1e-03"
"2001-05-30",".3238","-1.2e-03"
"2001-06-01",".3444","-1.2e-03"
"2001-06-01",".3579","-1.5e-03"
"2001-06-03",".3431","-1.1e-03"
"2001-06-03",".3418","-4.0e-04"
"2001-06-05",".3369","-5.0e-04"
"2001-06-05",".3375","-3.0e-04"
"2001-06-07",".3324","9.0e-04"
"2001-06-07",".3435","-1.1e-03"
"2001-06-09",".2969","-1.0e-04"
"2001-06-09",".3052","0.0e+00"
"2001-06-11",".2865","0.0e+00"
"2001-06-11",".3038","-2.0e-04"
"2001-06-12",".2994","-6.0e-04"
"2001-06-14",".2951","-9.0e-04"
"2001-06-14",".2761","-8.0e-04"
"2001-06-16",".2755","-2.0e-04"
"2001-06-16",".3071","-2.0e-04"
"2001-06-18",".2753","-1.1e-03"
"2001-06-18",".2909","-1.1e-03"
"2001-06-20",".2785","5.0e-04"
"2001-06-20",".3518","-1.9e-03"
"2001-06-22",".3508","1.0e-04"
"2001-06-22",".3609","9.0e-04"
"2001-06-24",".3537","2.0e-04"
"2001-06-24",".3463","-7.0e-04"
"2001-06-26",".3133","0.0e+00"
"2001-06-26",".3228","-8.0e-04"
"2001-06-27",".4013","-1.2e-03"
"2001-06-29",".3778","-4.0e-04"
"2001-06-29",".3894","-9.0e-04"
"2001-07-01",".3587","-8.0e-04"
"2001-07-01",".3375","-1.2e-03"
"2001-07-03",".3168","-2.0e-04"
"2001-07-03",".3477","-1.3e-03"
"2001-07-05",".3091","-1.0e-04"
"2001-07-05",".3148","-1.4e-03"
"2001-07-07",".2788","6.0e-04"
"2001-07-07",".3153","-9.0e-04"
"2001-07-09",".3089","-7.0e-04"
"2001-07-09",".3211","-9.0e-04"
"2001-07-11",".3051","7.0e-04"
"2001-07-11",".3401","-5.0e-04"
"2001-07-13",".3132","4.0e-04"
"2001-07-13",".3254","5.0e-04"
"2001-07-14",".3567","-1.0e-03"
"2001-07-16",".3365","1.2e-03"
"2001-07-16",".3578","-9.0e-04"
"2001-07-18",".3578","-8.0e-04"
"2001-07-18",".3721","-7.0e-04"
"2001-07-20",".3804","4.0e-04"
"2001-07-20",".3936","-2.7e-03"
"2001-07-22",".3431","8.0e-04"
"2001-07-22",".3469","-2.1e-03"
"2001-07-24",".3159","-7.0e-04"
"2001-07-24",".3283","-9.0e-04"
"2001-07-26",".3299","9.0e-04"
"2001-07-26",".3158","-9.0e-04"
"2001-07-28",".2699","9.0e-04"
"2001-07-28",".3005","2.0e-04"
"2001-07-30",".3168","-1.0e-04"
"2001-07-31",".3303","-1.3e-03"
"2001-07-31",".2937","-5.0e-04"
"2001-08-02",".3120","-9.0e-04"
"2001-08-02",".3686","-9.0e-04"
"2001-08-04",".3350","-1.7e-03"
"2001-08-04",".3357","-1.9e-03"
"2001-08-06",".3193","-2.0e-03"
"2001-08-06",".3018","-1.0e-04"
"2001-08-08",".2993","-6.0e-04"
"2001-08-08",".3209","0.0e+00"
"2001-08-10",".3685","-1.8e-03"
"2001-08-10",".4029","-3.0e-03"
"2001-08-12",".3945","-1.6e-03"
"2001-08-12",".3598","-5.0e-04"
"2001-08-14",".3793","-9.0e-04"
"2001-08-14",".4383","-2.7e-03"
"2001-08-16",".4013","-1.5e-03"
"2001-08-17",".3462","-1.2e-03"
"2001-08-17",".3551","-4.0e-04"
"2001-08-19",".3887","-1.6e-03"
"2001-08-19",".3805","-4.0e-04"
"2001-08-21",".3162","-3.0e-04"
"2001-08-21",".3238","-3.0e-04"
"2001-08-23",".3423","-7.0e-04"
"2001-08-23",".3808","-1.6e-03"
"2001-08-25",".3800","-4.0e-04"
"2001-08-25",".4336","-3.6e-03"
"2001-08-27",".4206","-1.8e-03"
"2001-08-27",".3890","-4.0e-04"
"2001-08-29",".3826","-1.3e-03"
"2001-08-29",".3695","-8.0e-04"
"2001-08-30",".3655","-8.0e-04"
"2001-08-31",".3764","-9.0e-04"
"2001-09-01",".3538","-1.3e-03"
"2001-09-03",".3475","-1.0e-04"
"2001-09-03",".3456","1.0e-04"
"2001-09-05",".3343","-9.0e-04"
"2001-09-05",".3404","9.0e-04"
"2001-09-07",".3781","-1.2e-03"
"2001-09-07",".3055","-4.0e-04"
"2001-09-09",".3193","-1.4e-03"
"2001-09-09",".3272","0.0e+00"
"2001-09-11",".3280","-4.0e-04"
"2001-09-11",".3400","-1.1e-03"
"2001-09-13",".3828","-1.3e-03"
"2001-09-13",".3620","-8.0e-04"
"2001-09-15",".3450","1.0e-04"
"2001-09-15",".3551","-1.0e-04"
"2001-09-16",".3237","1.5e-03"
"2001-09-17",".3505","5.0e-04"
"2001-09-18",".3578","-2.0e-04"
"2001-09-20",".3280","1.0e-04"
"2001-09-20",".3468","-9.0e-04"
"2001-09-22",".3195","1.5e-03"
"2001-09-22",".3747","-3.0e-04"
"2001-09-24",".3409","-7.0e-04"
"2001-09-24",".3437","1.0e-04"
"2001-09-26",".3562","1.6e-03"
"2001-09-26",".3375","4.0e-04"
"2001-09-28",".3325","7.0e-04"
"2001-09-28",".3383","-4.0e-04"
"2001-09-30",".3266","-1.0e-04"
"2001-09-30",".3387","2.5e-03"
"2001-10-02",".3413","-3.0e-04"
"2001-10-02",".3056","1.3e-03"
"2001-10-04",".3245","-7.0e-04"
"2001-10-04",".3191","-1.6e-03"
"2001-10-05",".3164","1.0e-04"
"2001-10-07",".3487","-5.0e-04"
"2001-10-07",".3447","-9.0e-04"
"2001-10-09",".3665","-1.2e-03"
"2001-10-09",".3793","-3.0e-04"
"2001-10-11",".3719","-6.0e-04"
"2001-10-11",".3642","8.0e-04"
"2001-10-13",".3651","-4.0e-04"
"2001-10-13",".3517","8.0e-04"
"2001-10-15",".3263","-4.0e-04"
"2001-10-15",".3530","-1.1e-03"
"2001-10-17",".3648","-1.0e-03"
"2001-10-17",".3637","-1.3e-03"
"2001-10-19",".3414","0.0e+00"
"2001-10-19",".3420","-2.0e-04"
"2001-10-21",".3611","-1.0e-04"
"2001-10-21",".3656","-5.0e-04"
"2001-10-22",".3554","-1.0e-03"
"2001-10-24",".3807","-5.0e-04"
"2001-10-24",".3585","-8.0e-04"
"2001-10-26",".3558","5.0e-04"
"2001-10-26",".3555","-1.3e-03"
"2001-10-28",".3287","-9.0e-04"
"2001-10-28",".3782","-2.2e-03"
"2001-10-30",".3383","-2.0e-04"
"2001-10-30",".3537","-2.0e-04"
"2001-11-01",".3621","-1.2e-03"
"2001-11-01",".3437","5.0e-04"
"2001-11-03",".3552","-6.0e-04"
"2001-11-03",".3741","-1.3e-03"
"2001-11-05",".3418","-1.7e-03"
"2001-11-05",".3373","-1.4e-03"
"2001-11-07",".3484","-1.4e-03"
"2001-11-07",".3551","7.0e-04"
"2001-11-09",".3259","-1.0e-04"
"2001-11-09",".3247","8.0e-04"
"2001-11-10",".3356","-1.9e-03"
"2001-11-11",".3215","1.9e-03"
"2001-11-12",".3178","-1.3e-03"
"2001-11-14",".3362","-1.9e-03"
"2001-11-14",".3579","-2.1e-03"
"2001-11-16",".3385","-3.0e-04"
"2001-11-16",".3544","-1.3e-03"
"2001-11-20",".3037","-2.1e-03"
"2001-11-20",".3117","-1.4e-03"
"2001-11-22",".3152","-7.0e-04"
"2001-11-22",".3329","-6.0e-04"
"2001-11-24",".3353","1.0e-04"
"2001-11-24",".3296","-1.5e-03"
"2001-11-26",".3134","-1.6e-03"
"2001-11-26",".3167","-1.5e-03"
"2001-11-28",".2892","-3.0e-04"
"2001-11-28",".2937","-6.0e-04"
"2001-11-30",".2813","-1.2e-03"
"2001-11-30",".2899","-3.1e-03"
"2001-12-01",".3108","-2.2e-03"
"2001-12-02",".2953","-1.9e-03"
"2001-12-03",".3107","-1.5e-03"
"2001-12-05",".3003","-3.5e-03"
"2001-12-05",".3091","-1.9e-03"
"2001-12-07",".3120","-1.0e-03"
"2001-12-07",".3059","-6.0e-04"
"2001-12-09",".3083","-7.0e-04"
"2001-12-09",".3491","-3.6e-03"
"2001-12-11",".2860","-4.0e-04"
"2001-12-11",".3177","-4.0e-04"
"2001-12-13",".3135","-4.0e-04"
"2001-12-13",".2905","9.0e-04"
"2001-12-15",".2828","5.0e-04"
"2001-12-15",".2865","-9.0e-04"
"2001-12-17",".2797","-5.0e-04"
"2001-12-17",".2861","-3.0e-04"
"2001-12-19",".2911","-4.0e-04"
"2001-12-19",".2964","1.0e-04"
"2001-12-21",".2911","1.0e-04"
"2001-12-21",".3159","-5.0e-04"
"2001-12-23",".2988","-1.6e-03"
"2001-12-23",".3078","-1.5e-03"
"2001-12-25",".2968","-1.0e-03"
"2001-12-25",".3045","-3.9e-03"
"2001-12-26",".2926","-1.0e-03"
"2001-12-28",".3101","-1.4e-03"
"2001-12-28",".3142","-1.5e-03"
"2001-12-30",".3076","-1.6e-03"
"2001-12-30",".2913","-1.2e-03"
"2002-01-01",".2799","-1.9e-03"
"2002-01-03",".2782","-1.6e-03"
"2002-01-03",".2971","-5.0e-04"
"2002-01-05",".3263","-3.0e-03"
"2002-01-05",".3177","-1.5e-03"
"2002-01-07",".3180","-2.3e-03"
"2002-01-07",".2937","-1.8e-03"
"2002-01-09",".2914","-1.2e-03"
"2002-01-09",".3131","-3.4e-03"
"2002-01-11",".3051","-2.6e-03"
"2002-01-11",".3057","-7.0e-04"
"2002-01-13",".2987","-9.0e-04"
"2002-01-13",".2976","-5.0e-04"
"2002-01-15",".3002","-8.0e-04"
"2002-01-15",".2948","-2.2e-03"
"2002-01-17",".2942","-7.0e-04"
"2002-01-17",".2932","-1.8e-03"
"2002-01-18",".3077","-1.8e-03"
"2002-01-19",".3064","-1.1e-03"
"2002-01-20",".3039","-1.2e-03"
"2002-01-21",".2804","-1.0e-04"
"2002-01-22",".2785","-9.0e-04"
"2002-01-24",".2683","-1.1e-03"
"2002-01-24",".2867","-1.2e-03"
"2002-01-26",".2919","-2.5e-03"
"2002-01-26",".2789","-2.0e-04"
"2002-01-28",".2869","-1.4e-03"
"2002-01-28",".2823","-1.2e-03"
"2002-01-30",".2754","-1.7e-03"
"2002-01-30",".2766","-7.0e-04"
"2002-02-01",".2857","7.0e-04"
"2002-02-01",".2824","-1.7e-03"
"2002-02-03",".2698","-1.2e-03"
"2002-02-03",".2783","-1.3e-03"
"2002-02-05",".2821","-1.3e-03"
"2002-02-05",".3165","-2.0e-03"
"2002-02-07",".2892","1.0e-04"
"2002-02-07",".3009","-2.2e-03"
"2002-02-09",".3052","-1.7e-03"
"2002-02-09",".2827","-1.2e-03"
"2002-02-11",".2734","-2.0e-03"
"2002-02-11",".2767","3.0e-04"
"2002-02-13",".2908","-1.5e-03"
"2002-02-13",".3079","-5.0e-04"
"2002-02-15",".3066","-1.4e-03"
"2002-02-15",".2972","-1.2e-03"
"2002-02-17",".2946","-1.4e-03"
"2002-02-17",".2836","-1.0e-03"
"2002-02-18",".2903","-2.0e-04"
"2002-02-19",".2945","-1.1e-03"
"2002-02-20",".3027","-1.4e-03"
"2002-02-22",".2830","-2.0e-04"
"2002-02-22",".3013","-1.2e-03"
"2002-02-24",".2924","-2.6e-03"
"2002-02-24",".2917","-1.0e-03"
"2002-02-26",".2782","-1.2e-03"
"2002-02-26",".2755","-6.0e-04"
"2002-02-28",".2811","-1.4e-03"
"2002-02-28",".2799","1.0e-04"
"2002-03-02",".2952","-3.0e-03"
"2002-03-02",".2954","-2.1e-03"
"2002-03-04",".3005","-2.7e-03"
"2002-03-04",".2930","-1.0e-04"
"2002-03-06",".2887","-1.6e-03"
"2002-03-06",".2841","-1.0e-03"
"2002-03-08",".2765","-1.9e-03"
"2002-03-08",".2702","0.0e+00"
"2002-03-10",".2838","-1.5e-03"
"2002-03-10",".2835","-2.2e-03"
"2002-03-12",".2700","-1.3e-03"
"2002-03-12",".2694","-5.0e-04"
"2002-03-14",".2793","-2.2e-03"
"2002-03-14",".2991","-2.2e-03"
"2002-03-16",".2966","-9.0e-04"
"2002-03-16",".2959","-1.1e-03"
"2002-03-18",".3125","-1.5e-03"
"2002-03-18",".2907","-1.2e-03"
"2002-03-20",".2758","-1.6e-03"
"2002-03-20",".2629","-5.0e-04"
"2002-03-21",".2580","9.0e-04"
"2002-03-22",".2761","2.0e-04"
"2002-03-24",".2694","-1.9e-03"
"2002-03-24",".2617","-1.2e-03"
"2002-03-25",".2682","-8.0e-04"
"2002-03-26",".2558","1.0e-04"
"2002-03-27",".2784","-8.0e-04"
"2002-03-29",".2853","-1.6e-03"
"2002-03-29",".2988","-2.1e-03"
"2002-03-31",".3049","5.0e-04"
"2002-03-31",".3604","-1.0e-04"
"2002-04-02",".3471","1.4e-03"
"2002-04-02",".3276","-7.0e-04"
"2002-04-04",".2847","-1.0e-03"
"2002-04-04",".2806","-1.1e-03"
"2002-04-06",".3161","-3.0e-03"
"2002-04-06",".3047","-1.5e-03"
"2002-04-08",".3435","-3.9e-03"
"2002-04-08",".3219","-2.5e-03"
"2002-04-10",".3000","-2.1e-03"
"2002-04-10",".2886","-1.9e-03"
"2002-04-12",".2804","-2.5e-03"
"2002-04-12",".2687","-1.6e-03"
"2002-04-14",".2592","-1.7e-03"
"2002-04-14",".2718","-1.3e-03"
"2002-04-16",".3095","-3.6e-03"
"2002-04-16",".2958","-2.2e-03"
"2002-04-18",".2874","-3.1e-03"
"2002-04-18",".2804","-2.2e-03"
"2002-04-20",".2817","-3.2e-03"
"2002-04-20",".2822","-2.6e-03"
"2002-04-22",".2737","-3.0e-03"
"2002-04-22",".2547","-5.0e-04"
"2002-04-24",".2688","-2.1e-03"
"2002-04-24",".2471","-1.2e-03"
"2002-04-26",".2415","-1.1e-03"
"2002-04-26",".2698","-1.0e-04"
"2002-04-28",".2994","-3.1e-03"
"2002-04-28",".3225","-2.5e-03"
"2002-04-30",".3166","-3.9e-03"
"2002-04-30",".3043","-1.4e-03"
"2002-05-01",".2936","-2.0e-04"
"2002-05-02",".2973","-3.0e-04"
"2002-05-04",".3236","-2.5e-03"
"2002-05-04",".3021","-2.5e-03"
"2002-05-06",".2947","-3.2e-03"
"2002-05-06",".2867","-3.3e-03"
"2002-05-07",".2984","-9.0e-04"
"2002-05-08",".2723","-4.0e-04"
"2002-05-09",".2694","-2.0e-03"
"2002-05-11",".2682","-2.4e-03"
"2002-05-11",".2643","-2.0e-04"
"2002-05-13",".2669","-2.0e-03"
"2002-05-13",".2472","-5.0e-04"
"2002-05-15",".2746","-2.7e-03"
"2002-05-15",".2931","-1.9e-03"
"2002-05-17",".2926","-2.3e-03"
"2002-05-17",".2894","-2.3e-03"
"2002-05-19",".2882","-2.7e-03"
"2002-05-19",".2835","-1.1e-03"
"2002-05-21",".2421","2.0e-04"
"2002-05-21",".2947","-1.5e-03"
"2002-05-23",".2922","-4.0e-04"
"2002-05-23",".3264","-1.2e-03"
"2002-05-25",".3532","-2.7e-03"
"2002-05-25",".3780","-1.9e-03"
"2002-05-27",".2822","-1.2e-03"
"2002-05-27",".3337","-1.0e-03"
"2002-05-29",".3552","-2.4e-03"
"2002-05-29",".2960","-1.6e-03"
"2002-05-31",".3266","-3.1e-03"
"2002-05-31",".3118","-1.9e-03"
"2002-06-02",".3527","-3.3e-03"
"2002-06-02",".3033","-1.1e-03"
"2002-06-04",".2910","-3.1e-03"
"2002-06-04",".2740","-1.8e-03"
"2002-06-06",".3226","-2.9e-03"
"2002-06-06",".3158","-2.9e-03"
"2002-06-08",".2920","-2.5e-03"
"2002-06-08",".2640","-2.2e-03"
"2002-06-10",".3216","-3.3e-03"
"2002-06-10",".2937","-2.7e-03"
"2002-06-12",".3204","-4.1e-03"
"2002-06-12",".2954","-3.1e-03"
"2002-06-14",".3039","-3.3e-03"
"2002-06-14",".3182","-2.2e-03"
"2002-06-16",".3116","-3.5e-03"
"2002-06-16",".2987","-2.7e-03"
"2002-06-18",".3078","-3.2e-03"
"2002-06-18",".3398","-2.7e-03"
"2002-06-20",".3157","-3.3e-03"
"2002-06-20",".2816","-1.4e-03"
"2002-06-22",".3106","-3.2e-03"
"2002-06-22",".3350","-3.0e-03"
"2002-06-23",".3348","-1.2e-03"
"2002-06-24",".3163","-7.0e-04"
"2002-06-25",".2860","-2.0e-04"
"2002-06-26",".3235","-1.7e-03"
"2002-06-27",".3298","-6.0e-04"
"2002-06-28",".3289","-1.9e-03"
"2002-06-29",".3152","-2.0e-04"
"2002-06-30",".3652","-2.5e-03"
"2002-07-01",".3541","-1.4e-03"
"2002-07-03",".3622","-2.4e-03"
"2002-07-03",".2965","-1.2e-03"
"2002-07-05",".3711","-1.7e-03"
"2002-07-05",".3438","-2.2e-03"
"2002-07-07",".3365","-2.5e-03"
"2002-07-07",".3746","-1.0e-03"
"2002-07-09",".3463","-2.3e-03"
"2002-07-09",".3207","-1.6e-03"
"2002-07-11",".3355","-2.9e-03"
"2002-07-11",".3204","-8.0e-04"
"2002-07-13",".3504","-3.5e-03"
"2002-07-13",".3502","-2.7e-03"
"2002-07-15",".3526","-2.5e-03"
"2002-07-15",".3199","-2.3e-03"
"2002-07-17",".3574","-3.7e-03"
"2002-07-17",".3144","-3.2e-03"
"2002-07-19",".3572","-3.9e-03"
"2002-07-19",".3141","-2.8e-03"
"2002-07-21",".2786","-3.7e-03"
"2002-07-21",".3234","-3.0e-03"
"2002-07-23",".3536","-3.1e-03"
"2002-07-23",".3542","-2.4e-03"
"2002-07-25",".3591","-2.8e-03"
"2002-07-25",".3483","-2.7e-03"
"2002-07-27",".3764","-3.3e-03"
"2002-07-27",".3612","-3.3e-03"
"2002-07-29",".3420","-3.1e-03"
"2002-07-29",".3489","-2.8e-03"
"2002-07-31",".3486","-3.8e-03"
"2002-07-31",".3430","-3.3e-03"
"2002-08-02",".3079","-3.0e-03"
"2002-08-12",".3478","-8.0e-04"
"2002-08-14",".3714","-1.7e-03"
"2002-08-14",".3980","-3.0e-04"
"2002-08-16",".3808","-1.2e-03"
"2002-08-16",".4176","-2.6e-03"
"2002-08-17",".4173","-1.7e-03"
"2002-08-18",".4141","-1.2e-03"
"2002-08-19",".3272","-1.4e-03"
"2002-08-20",".3130","-1.7e-03"
"2002-08-22",".3442","-2.7e-03"
"2002-08-22",".3597","-9.0e-04"
"2002-08-24",".3696","-1.7e-03"
"2002-08-24",".3840","-1.2e-03"
"2002-08-25",".4044","-1.2e-03"
"2002-08-26",".4360","-2.3e-03"
"2002-08-27",".4071","-1.3e-03"
"2002-08-28",".4112","-1.6e-03"
"2002-08-29",".4202","-1.3e-03"
"2002-08-30",".4293","-2.5e-03"
"2002-08-31",".3696","-1.8e-03"
"2002-09-02",".3380","-1.3e-03"
"2002-09-02",".3120","-3.0e-04"
"2002-09-04",".3482","-2.0e-04"
"2002-09-04",".3516","-1.3e-03"
"2002-09-06",".3493","-2.4e-03"
"2002-09-06",".3320","0.0e+00"
"2002-09-08",".3459","-1.7e-03"
"2002-09-08",".3631","-1.1e-03"
"2002-09-10",".3275","-7.0e-04"
"2002-09-10",".3520","-5.0e-04"
"2002-09-12",".3654","-1.0e-04"
"2002-09-12",".4056","-1.7e-03"
"2002-09-14",".3606","-2.6e-03"
"2002-09-14",".3390","-1.1e-03"
"2002-09-16",".3331","-1.2e-03"
"2002-09-16",".3433","-5.0e-04"
"2002-09-18",".3169","-9.0e-04"
"2002-09-18",".3542","1.0e-04"
"2002-09-20",".3822","8.0e-04"
"2002-09-20",".3914","-6.0e-04"
"2002-09-22",".3579","-1.7e-03"
"2002-09-22",".3587","-8.0e-04"
"2002-09-24",".3574","-1.5e-03"
"2002-09-24",".3820","0.0e+00"
"2002-09-26",".3396","-1.3e-03"
"2002-09-26",".3573","2.0e-04"
"2002-09-28",".3561","1.0e-04"
"2002-09-28",".3401","1.0e-04"
"2002-09-30",".3828","-1.0e-03"
"2002-09-30",".3716","1.0e-04"
"2002-10-02",".3365","-8.0e-04"
"2002-10-02",".3673","-2.0e-04"
"2002-10-04",".3297","-1.2e-03"
"2002-10-04",".3411","-2.0e-04"
"2002-10-06",".3219","1.0e-04"
"2002-10-06",".3480","-3.0e-04"
"2002-10-08",".3590","-7.0e-04"
"2002-10-08",".3352","-5.0e-04"
"2002-10-10",".3235","-1.3e-03"
"2002-10-10",".3299","-8.0e-04"
"2002-10-12",".3339","-6.0e-04"
"2002-10-12",".3627","-1.3e-03"
"2002-10-14",".3715","-1.0e-03"
"2002-10-14",".3343","3.0e-04"
"2002-10-16",".3242","6.0e-04"
"2002-10-16",".3398","-1.3e-03"
"2002-10-18",".3266","-9.0e-04"
"2002-10-18",".3421","-1.2e-03"
"2002-10-20",".3452","-4.0e-04"
"2002-10-20",".3562","-9.0e-04"
"2002-10-22",".3583","-3.0e-04"
"2002-10-22",".3501","-7.0e-04"
"2002-10-24",".3240","-3.0e-04"
"2002-10-24",".3152","-2.0e-04"
"2002-10-26",".3374","-6.0e-04"
"2002-10-26",".3250","1.0e-04"
"2002-10-28",".3653","1.0e-04"
"2002-10-28",".3544","0.0e+00"
"2002-10-30",".3506","-9.0e-04"
"2002-10-30",".3260","2.0e-04"
"2002-11-01",".3315","-1.2e-03"
"2002-11-01",".3451","-1.4e-03"
"2002-11-03",".3367","-1.0e-04"
"2002-11-03",".3364","3.0e-04"
"2002-11-05",".3181","-2.0e-04"
"2002-11-05",".3300","-2.0e-04"
"2002-11-07",".3284","0.0e+00"
"2002-11-07",".3240","2.0e-04"
"2002-11-09",".3188","-8.0e-04"
"2002-11-09",".3217","-3.0e-04"
"2002-11-11",".3350","1.1e-03"
"2002-11-11",".3590","5.0e-04"
"2002-11-13",".3264","-1.0e-04"
"2002-11-13",".3147","5.0e-04"
"2002-11-15",".3117","1.0e-04"
"2002-11-15",".3148","-2.0e-04"
"2002-11-17",".3546","-9.0e-04"
"2002-11-17",".3434","-6.0e-04"
"2002-11-19",".3237","-5.0e-04"
"2002-11-20",".3167","-1.0e-04"
"2002-11-21",".3340","-6.0e-04"
"2002-11-22",".3249","2.0e-04"
"2002-11-23",".3482","-1.9e-03"
"2002-11-24",".3454","1.0e-04"
"2002-11-25",".3201","-2.0e-04"
"2002-11-26",".3238","3.0e-04"
"2002-11-27",".3029","5.0e-04"
"2002-11-28",".3229","-1.1e-03"
"2002-11-29",".3165","-1.2e-03"
"2002-11-30",".3135","-3.0e-04"
"2002-12-01",".3134","4.0e-04"
"2002-12-02",".3058","-1.0e-04"
"2002-12-03",".3062","-6.0e-04"
"2002-12-04",".3012","0.0e+00"
"2002-12-05",".3006","-3.0e-04"
"2002-12-06",".2835","-7.0e-04"
"2002-12-07",".3221","-3.0e-04"
"2002-12-08",".3005","-7.0e-04"
"2002-12-10",".2902","4.0e-04"
"2002-12-10",".2836","4.0e-04"
"2002-12-12",".2766","-3.0e-04"
"2002-12-12",".3190","2.0e-04"
"2002-12-14",".3090","-3.0e-04"
"2002-12-14",".3106","-2.0e-04"
"2002-12-16",".3043","-2.0e-04"
"2002-12-16",".3186","4.0e-04"
"2002-12-18",".3187","0.0e+00"
"2002-12-18",".3114","-2.0e-04"
"2002-12-20",".3087","6.0e-04"
"2002-12-20",".2953","2.0e-04"
"2002-12-22",".2848","-7.0e-04"
"2002-12-22",".2762","1.0e-03"
"2002-12-24",".2913","-2.0e-04"
"2002-12-24",".2862","-8.0e-04"
"2002-12-26",".2999","-6.0e-04"
"2002-12-26",".3095","-3.0e-04"
"2002-12-28",".3027","-1.4e-03"
"2002-12-28",".3022","-3.0e-04"
"2002-12-30",".2927","0.0e+00"
"2002-12-30",".2809","0.0e+00"
"2003-01-01",".2781","0.0e+00"
"2003-01-03",".2781","-5.0e-04"
"2003-01-03",".2799","2.0e-04"
"2003-01-05",".2848","-5.0e-04"
"2003-01-05",".2955","-1.0e-04"
"2003-01-07",".2891","-1.0e-04"
"2003-01-07",".2740","2.0e-04"
"2003-01-09",".2902","-1.3e-03"
"2003-01-09",".2910","-1.3e-03"
"2003-01-11",".2959","-1.0e-04"
"2003-01-11",".2919","-2.0e-04"
"2003-01-13",".3080","-6.0e-04"
"2003-01-13",".3323","-5.0e-04"
"2003-01-15",".3063","-1.6e-03"
"2003-01-15",".2898","0.0e+00"
"2003-01-17",".2982","8.0e-04"
"2003-01-17",".3025","-3.0e-04"
"2003-01-19",".2915","0.0e+00"
"2003-01-19",".2949","-5.0e-04"
"2003-01-21",".2838","-5.0e-04"
"2003-01-21",".2839","-1.7e-03"
"2003-01-23",".3032","2.0e-04"
"2003-01-23",".3123","0.0e+00"
"2003-01-25",".3233","-1.3e-03"
"2003-01-25",".3102","-2.0e-04"
"2003-01-27",".2696","9.0e-04"
"2003-01-27",".2956","-7.0e-04"
"2003-01-29",".2998","-5.0e-04"
"2003-01-29",".2788","-1.0e-04"
"2003-01-31",".2583","-2.0e-04"
"2003-01-31",".2552","1.7e-03"
"2003-02-02",".2718","-1.4e-03"
"2003-02-02",".2729","-7.0e-04"
"2003-02-04",".2930","-9.0e-04"
"2003-02-04",".2751","-1.5e-03"
"2003-02-06",".2608","1.0e-04"
"2003-02-06",".2618","-5.0e-04"
"2003-02-08",".2614","7.0e-04"
"2003-02-08",".2601","-4.0e-04"
"2003-02-10",".2770","-4.0e-04"
"2003-02-10",".2764","1.0e-04"
"2003-02-12",".2806","-9.0e-04"
"2003-02-12",".2678","1.0e-04"
"2003-02-14",".2934","4.0e-04"
"2003-02-14",".2848","-1.3e-03"
"2003-02-16",".2717","-4.0e-04"
"2003-02-16",".2678","-5.0e-04"
"2003-02-18",".2843","-1.2e-03"
"2003-02-18",".2724","-1.3e-03"
"2003-02-20",".3017","-8.0e-04"
"2003-02-20",".3248","1.5e-03"
"2003-02-22",".3143","-2.1e-03"
"2003-02-22",".2937","-5.0e-04"
"2003-02-24",".3253","-2.4e-03"
"2003-02-24",".2895","1.0e-04"
"2003-02-26",".2906","-1.4e-03"
"2003-02-26",".2742","-7.0e-04"
"2003-02-28",".2809","-1.2e-03"
"2003-02-28",".2623","-9.0e-04"
"2003-03-02",".2498","-7.0e-04"
"2003-03-02",".2438","-2.0e-03"
"2003-03-04",".2800","-1.3e-03"
"2003-03-04",".2637","-8.0e-04"
"2003-03-06",".2614","-1.4e-03"
"2003-03-06",".2691","-1.6e-03"
"2003-03-08",".2629","-1.4e-03"
"2003-03-08",".2550","-1.7e-03"
"2003-03-10",".2578","-1.9e-03"
"2003-03-10",".2624","-1.0e-04"
"2003-03-12",".2914","-3.2e-03"
"2003-03-12",".2957","-1.0e-03"
"2003-03-14",".2923","-1.2e-03"
"2003-03-14",".2800","-2.0e-03"
"2003-03-16",".2941","1.0e-04"
"2003-03-16",".2896","3.0e-04"
"2003-03-18",".3065","-2.0e-03"
"2003-03-18",".2746","-1.1e-03"
"2003-03-20",".2582","-1.5e-03"
"2003-03-20",".2522","-1.0e-03"
"2003-03-22",".2739","-2.0e-03"
"2003-03-22",".2601","-5.0e-04"
"2003-03-24",".2631","-1.9e-03"
"2003-03-24",".2591","-1.3e-03"
"2003-03-26",".2544","-2.5e-03"
"2003-03-26",".2452","-2.0e-04"
"2003-03-28",".2573","-1.9e-03"
"2003-03-28",".2585","6.0e-04"
"2003-03-30",".2777","-5.0e-04"
"2003-03-30",".2761","-9.0e-04"
"2003-04-01",".2836","-1.2e-03"
"2003-04-01",".2768","-1.9e-03"
"2003-04-03",".2598","-2.4e-03"
"2003-04-03",".2511","-1.6e-03"
"2003-04-05",".2506","-2.0e-03"
"2003-04-05",".2540","-2.1e-03"
"2003-04-07",".2635","-1.6e-03"
"2003-04-07",".2590","-1.2e-03"
"2003-04-09",".2483","-2.7e-03"
"2003-04-09",".2630","-1.1e-03"
"2003-04-11",".2763","-1.0e-03"
"2003-04-11",".2687","-2.1e-03"
"2003-04-13",".2801","-1.4e-03"
"2003-04-13",".2677","-2.0e-04"
"2003-04-15",".2778","-3.1e-03"
"2003-04-15",".2723","-3.1e-03"
"2003-04-17",".2706","-1.5e-03"
"2003-04-17",".2685","-1.9e-03"
"2003-04-19",".2756","-2.0e-03"
"2003-04-19",".2721","-2.0e-03"
"2003-04-21",".2675","-1.4e-03"
"2003-04-21",".2798","-1.8e-03"
"2003-04-23",".2801","-1.7e-03"
"2003-04-23",".2844","-2.3e-03"
"2003-04-25",".2793","-2.4e-03"
"2003-04-25",".2566","-1.0e-04"
"2003-04-27",".2658","-3.9e-03"
"2003-04-27",".2540","-2.7e-03"
"2003-04-29",".2715","-3.0e-03"
"2003-04-29",".2568","-1.6e-03"
"2003-05-01",".2475","-1.7e-03"
"2003-05-01",".2554","-1.3e-03"
"2003-05-03",".2716","-2.1e-03"
"2003-05-03",".2609","-1.3e-03"
"2003-05-05",".2893","-2.8e-03"
"2003-05-05",".2863","-1.8e-03"
"2003-05-07",".2719","-2.3e-03"
"2003-05-07",".2966","-9.0e-04"
"2003-05-09",".2833","-2.9e-03"
"2003-05-09",".2658","-1.0e-03"
"2003-05-11",".3031","-1.3e-03"
"2003-05-11",".2952","-2.4e-03"
"2003-05-13",".3028","-2.9e-03"
"2003-05-13",".2823","-2.5e-03"
"2003-05-15",".2879","-2.9e-03"
"2003-05-27",".2912","-2.3e-03"
"2003-05-29",".3070","-3.6e-03"
"2003-05-29",".3430","-3.7e-03"
"2003-05-31",".3023","-3.8e-03"
"2003-05-31",".2630","-2.3e-03"
"2003-06-02",".2707","-2.2e-03"
"2003-06-02",".3090","-3.3e-03"
"2003-06-04",".2882","-1.7e-03"
"2003-06-04",".2620","-2.2e-03"
"2003-06-06",".2645","-1.4e-03"
"2003-06-06",".3125","-3.6e-03"
"2003-06-08",".3215","-3.1e-03"
"2003-06-08",".3230","-3.3e-03"
"2003-06-10",".3050","-1.5e-03"
"2003-06-10",".3043","-2.4e-03"
"2003-06-12",".3120","-2.4e-03"
"2003-06-12",".2859","-2.2e-03"
"2003-06-14",".3119","-2.6e-03"
"2003-06-14",".3243","-1.7e-03"
"2003-06-16",".3405","-1.7e-03"
"2003-06-16",".3255","-1.6e-03"
"2003-06-18",".3025","-1.2e-03"
"2003-06-18",".2844","-3.0e-03"
"2003-06-20",".2586","-1.6e-03"
"2003-06-20",".2900","-3.7e-03"
"2003-06-22",".2687","-2.8e-03"
"2003-06-22",".2742","-2.0e-03"
"2003-06-24",".3091","-1.5e-03"
"2003-06-24",".3066","-2.8e-03"
"2003-06-26",".3018","-3.0e-03"
"2003-06-26",".3020","-3.1e-03"
"2003-06-28",".2948","-2.9e-03"
"2003-06-28",".2981","-2.2e-03"
"2003-06-30",".3088","-1.2e-03"
"2003-06-30",".3237","-3.0e-03"
"2003-07-02",".3283","-2.5e-03"
"2003-07-02",".3088","-1.3e-03"
"2003-07-04",".3130","-3.1e-03"
"2003-07-04",".3606","-2.0e-04"
"2003-07-06",".3475","-2.7e-03"
"2003-07-06",".3139","1.0e-04"
"2003-07-08",".3209","-1.4e-03"
"2003-07-08",".3400","-1.0e-03"
"2003-07-10",".3674","-2.3e-03"
"2003-07-10",".3681","-3.1e-03"
"2003-07-12",".3524","-1.9e-03"
"2003-07-12",".3429","-2.8e-03"
"2003-07-14",".3246","-2.5e-03"
"2003-07-14",".3509","-1.7e-03"
"2003-07-16",".3123","-1.4e-03"
"2003-07-16",".3157","-2.3e-03"
"2003-07-18",".3395","-3.3e-03"
"2003-07-18",".3245","-2.7e-03"
"2003-07-19",".3436","-3.1e-03"
"2003-07-20",".3377","-2.3e-03"
"2003-07-21",".3203","-2.8e-03"
"2003-07-22",".3161","-2.9e-03"
"2003-07-23",".2769","-2.6e-03"
"2003-07-24",".3137","-2.6e-03"
"2003-07-25",".3417","-2.5e-03"
"2003-07-26",".3016","-7.0e-04"
"2003-07-27",".3518","-5.0e-04"
"2003-07-28",".3577","-1.8e-03"
"2003-07-29",".3619","-2.1e-03"
"2003-07-30",".3578","-2.2e-03"
"2003-07-31",".3716","-1.7e-03"
"2003-08-01",".3370","-1.0e-03"
"2003-08-02",".3539","-1.8e-03"
"2003-08-03",".3774","-2.6e-03"
"2003-08-04",".3424","-2.8e-03"
"2003-08-05",".3463","-2.0e-03"
"2003-08-06",".3541","-3.0e-03"
"2003-08-07",".3446","-1.0e-04"
"2003-08-08",".3694","-1.2e-03"
"2003-08-09",".3516","-2.2e-03"
"2003-08-10",".3527","-2.1e-03"
"2003-08-11",".3709","-1.2e-03"
"2003-08-12",".3794","-1.3e-03"
"2003-08-13",".3558","-1.7e-03"
"2003-08-14",".3178","-9.0e-04"
"2003-08-15",".3584","-2.1e-03"
"2003-08-16",".3389","-1.1e-03"
"2003-08-17",".3510","-2.3e-03"
"2003-08-18",".3406","-1.4e-03"
"2003-08-19",".3422","-1.0e-04"
"2003-08-20",".3639","-8.0e-04"
"2003-08-21",".3880","-1.2e-03"
"2003-08-22",".3646","-1.0e-04"
"2003-08-23",".3694","-2.8e-03"
"2003-08-24",".3147","-8.0e-04"
"2003-08-25",".3327","-1.4e-03"
"2003-08-26",".3479","-2.0e-04"
"2003-08-27",".3588","-1.0e-04"
"2003-08-28",".3777","-1.6e-03"
"2003-08-29",".3615","-1.2e-03"
"2003-08-30",".3419","-9.0e-04"
"2003-08-31",".3712","-1.3e-03"
"2003-09-01",".3760","-5.0e-04"
"2003-09-02",".3217","-2.1e-03"
"2003-09-03",".3714","-1.3e-03"
"2003-09-04",".3825","-1.2e-03"
"2003-09-05",".3749","-2.1e-03"
"2003-09-06",".4015","-2.0e-03"
"2003-09-07",".4093","-2.3e-03"
"2003-09-08",".4112","-1.1e-03"
"2003-09-09",".4034","-1.0e-03"
"2003-09-10",".3950","-1.7e-03"
"2003-09-11",".3627","-7.0e-04"
"2003-09-12",".3544","-8.0e-04"
"2003-09-13",".3634","-1.5e-03"
"2003-09-14",".3490","-9.0e-04"
"2003-09-15",".3739","-3.4e-03"
"2003-09-17",".3861","-2.5e-03"
"2003-09-17",".3513","1.6e-03"
"2003-09-19",".3453","-4.0e-04"
"2003-09-19",".3583","3.0e-04"
"2003-09-21",".3888","-2.2e-03"
"2003-09-21",".3516","-1.1e-03"
"2003-09-23",".3685","-1.9e-03"
"2003-09-23",".3180","-6.0e-04"
"2003-09-25",".3407","-1.3e-03"
"2003-09-25",".3552","8.0e-04"
"2003-09-27",".3475","-1.7e-03"
"2003-09-27",".3433","-7.0e-04"
"2003-09-29",".3843","-8.0e-04"
"2003-09-29",".3483","2.3e-03"
"2003-10-01",".3852","-4.0e-04"
"2003-10-01",".3612","-4.0e-04"
"2003-10-03",".3401","3.0e-04"
"2003-10-03",".4003","-2.8e-03"
"2003-10-05",".4190","-2.5e-03"
"2003-10-05",".3906","-8.0e-04"
"2003-10-07",".4007","-7.0e-04"
"2003-10-07",".3779","4.0e-04"
"2003-10-09",".3683","1.0e-04"
"2003-10-09",".3677","0.0e+00"
"2003-10-11",".3775","-1.6e-03"
"2003-10-11",".3562","-6.0e-04"
"2003-10-13",".4044","-1.0e-03"
"2003-10-13",".3874","-1.9e-03"
"2003-10-15",".3801","-1.7e-03"
"2003-10-15",".3542","2.1e-03"
"2003-10-17",".3585","-5.0e-04"
"2003-10-17",".3504","1.0e-04"
"2003-10-19",".3443","3.0e-04"
"2003-10-19",".3554","4.0e-04"
"2003-10-21",".3385","-9.0e-04"
"2003-10-21",".3487","-2.0e-04"
"2003-10-23",".3570","-3.0e-04"
"2003-10-23",".3525","0.0e+00"
"2003-10-25",".3521","-4.0e-04"
"2003-10-25",".3621","-1.8e-03"
"2003-10-27",".3380","-5.0e-04"
"2003-10-27",".3355","2.0e-04"
"2003-10-29",".3637","-1.2e-03"
"2003-10-29",".3393","-2.0e-04"
"2003-10-31",".3397","2.1e-03"
"2003-10-31",".3458","8.0e-04"
"2003-11-02",".3631","3.0e-04"
"2003-11-02",".3573","-7.0e-04"
"2003-11-04",".3563","5.0e-04"
"2003-11-04",".3453","-6.0e-04"
"2003-11-06",".3529","-1.0e-03"
"2003-11-06",".3236","2.5e-03"
"2003-11-08",".3427","-3.0e-04"
"2003-11-08",".3442","-9.0e-04"
"2003-11-10",".3442","2.0e-04"
"2003-11-10",".3341","1.2e-03"
"2003-11-12",".3273","-6.0e-04"
"2003-11-12",".3411","4.0e-04"
"2003-11-14",".3274","2.0e-04"
"2003-11-14",".3239","-3.0e-04"
"2003-11-16",".3026","6.0e-04"
"2003-11-16",".3186","-3.0e-04"
"2003-11-18",".3273","-8.0e-04"
"2003-11-18",".3164","1.0e-04"
"2003-11-20",".3195","-1.6e-03"
"2003-11-20",".3110","2.0e-04"
"2003-11-22",".3136","-1.3e-03"
"2003-11-22",".3034","-9.0e-04"
"2003-11-24",".3046","6.0e-04"
"2003-11-24",".3070","3.0e-04"
"2003-11-26",".3138","-6.0e-04"
"2003-11-26",".3312","4.0e-04"
"2003-12-04",".3049","1.1e-03"
"2003-12-04",".2838","1.1e-03"
"2003-12-06",".2817","-6.0e-04"
"2003-12-06",".2872","9.0e-04"
"2003-12-08",".2872","7.0e-04"
"2003-12-08",".2973","-1.1e-03"
"2003-12-10",".2971","-6.0e-04"
"2003-12-10",".2831","1.4e-03"
"2003-12-12",".2840","-1.0e-04"
"2003-12-12",".2906","3.0e-04"
"2003-12-14",".2935","2.4e-03"
"2003-12-14",".3012","-1.0e-04"
"2003-12-16",".3232","5.0e-04"
"2003-12-16",".3001","-1.0e-03"
"2003-12-18",".2888","1.0e-04"
"2003-12-18",".2886","6.0e-04"
"2003-12-20",".3047","2.2e-03"
"2003-12-20",".2894","5.0e-04"
"2003-12-22",".2944","3.0e-03"
"2003-12-22",".2924","-3.0e-04"
"2003-12-24",".3196","8.0e-04"
"2003-12-24",".2984","1.2e-03"
"2003-12-26",".2994","1.0e-03"
"2003-12-26",".2837","2.0e-03"
"2003-12-28",".3054","-6.0e-04"
"2003-12-28",".2978","0.0e+00"
"2003-12-29",".3141","1.0e-03"
"2003-12-30",".2921","-1.0e-04"
"2004-01-01",".2786","7.0e-04"
"2004-01-02",".2779","-2.0e-04"
"2004-01-03",".2735","4.0e-04"
"2004-01-04",".2722","6.0e-04"
"2004-01-05",".2762","3.5e-03"
"2004-01-06",".2763","1.5e-03"
"2004-01-07",".2631","1.0e-03"
"2004-01-08",".2609","6.0e-04"
"2004-01-09",".2834","-6.0e-04"
"2004-01-10",".2654","1.0e-04"
"2004-01-11",".2780","-8.0e-04"
"2004-01-12",".2865","-3.0e-04"
"2004-01-13",".2784","-5.0e-04"
"2004-01-14",".2985","-8.0e-04"
"2004-01-15",".2817","1.0e-04"
"2004-01-16",".2733","0.0e+00"
"2004-01-17",".2468","6.0e-04"
"2004-01-18",".2527","1.0e-04"
"2004-01-19",".3054","-7.0e-04"
"2004-01-20",".3019","3.0e-04"
"2004-01-21",".2814","1.2e-03"
"2004-01-22",".2857","-7.0e-04"
"2004-01-23",".2954","-2.1e-03"
"2004-01-24",".2842","-2.0e-04"
"2004-01-25",".2937","-4.0e-04"
"2004-01-26",".2728","1.7e-03"
"2004-01-27",".2851","-8.0e-04"
"2004-01-28",".2709","-1.0e-04"
"2004-01-30",".2767","4.0e-04"
"2004-01-30",".2804","-8.0e-04"
"2004-02-01",".2664","0.0e+00"
"2004-02-01",".2681","3.0e-04"
"2004-02-03",".2878","9.0e-04"
"2004-02-03",".2806","-1.2e-03"
"2004-02-05",".2850","0.0e+00"
"2004-02-05",".2755","-2.0e-04"
"2004-02-07",".2688","1.3e-03"
"2004-02-07",".3034","-3.2e-03"
"2004-02-09",".2969","-5.0e-04"
"2004-02-09",".2879","-1.9e-03"
"2004-02-11",".2755","1.5e-03"
"2004-02-11",".2900","-1.1e-03"
"2004-02-13",".2932","-2.1e-03"
"2004-02-13",".2996","8.0e-04"
"2004-02-15",".3326","-4.0e-04"
"2004-02-15",".3083","-7.0e-04"
"2004-02-17",".3183","1.2e-03"
"2004-02-17",".2821","-5.0e-04"
"2004-02-19",".2840","-2.0e-04"
"2004-02-19",".3283","-6.0e-04"
"2004-02-21",".2748","1.0e-04"
"2004-02-21",".2550","-3.0e-04"
"2004-02-23",".2535","1.5e-03"
"2004-02-23",".2848","-9.0e-04"
"2004-02-25",".2947","-8.0e-04"
"2004-02-25",".2784","0.0e+00"
"2004-02-27",".2512","3.0e-04"
"2004-02-27",".2499","2.0e-04"
"2004-02-29",".2611","-1.4e-03"
"2004-02-29",".2603","-4.0e-04"
"2004-03-02",".2853","6.0e-04"
"2004-03-02",".3026","2.0e-04"
"2004-03-04",".2741","-1.4e-03"
"2004-03-04",".2720","-1.0e-03"
"2004-03-06",".2685","0.0e+00"
"2004-03-06",".2656","-1.3e-03"
"2004-03-08",".2376","-1.1e-03"
"2004-03-08",".2542","-2.1e-03"
"2004-03-10",".2431","6.0e-04"
"2004-03-10",".2756","-5.0e-04"
"2004-03-12",".2881","-6.0e-04"
"2004-03-12",".2897","-1.1e-03"
"2004-03-14",".2949","-2.7e-03"
"2004-03-14",".2922","-8.0e-04"
"2004-03-16",".2860","1.5e-03"
"2004-03-16",".2814","-1.9e-03"
"2004-03-18",".2964","-3.0e-04"
"2004-03-18",".3036","-1.2e-03"
"2004-03-20",".2686","4.0e-04"
"2004-03-20",".2601","1.5e-03"
"2004-03-22",".2648","-1.4e-03"
"2004-03-22",".2634","-1.0e-04"
"2004-03-24",".2752","-3.5e-03"
"2004-03-24",".2899","-2.8e-03"
"2004-03-26",".2707","-1.8e-03"
"2004-03-26",".2762","-9.0e-04"
"2004-03-28",".3088","-7.0e-04"
"2004-03-28",".3042","-9.0e-04"
"2004-03-30",".2595","-9.0e-04"
"2004-03-30",".2520","-9.0e-04"
"2004-04-01",".2754","-2.5e-03"
"2004-04-01",".2628","8.0e-04"
"2004-04-02",".2741","-2.2e-03"
"2004-04-03",".2801","-3.2e-03"
"2004-04-04",".2802","-6.0e-04"
"2004-04-05",".3205","-1.6e-03"
"2004-04-06",".3265","7.0e-04"
"2004-04-07",".2725","-1.0e-04"
"2004-04-08",".3045","-1.4e-03"
"2004-04-09",".2685","-1.0e-04"
"2004-04-10",".2869","0.0e+00"
"2004-04-11",".2914","-1.5e-03"
"2004-04-12",".2810","-5.0e-04"
"2004-04-13",".2735","-1.7e-03"
"2004-04-14",".2636","1.1e-03"
"2004-04-15",".2563","2.0e-04"
"2004-04-16",".2668","-2.6e-03"
"2004-04-17",".2589","-2.0e-03"
"2004-04-18",".2575","-2.2e-03"
"2004-04-19",".2408","-1.6e-03"
"2004-04-20",".2541","0.0e+00"
"2004-04-21",".2321","-1.0e-03"
"2004-04-22",".2385","-1.7e-03"
"2004-04-23",".2436","-1.9e-03"
"2004-04-24",".2475","5.0e-04"
"2004-04-25",".2439","-1.2e-03"
"2004-04-26",".2518","-6.0e-04"
"2004-04-27",".2705","-2.2e-03"
"2004-04-28",".2639","3.0e-04"
"2004-04-29",".2663","-1.5e-03"
"2004-04-30",".2340","3.0e-04"
"2004-05-01",".2271","-3.0e-04"
"2004-05-02",".2501","5.0e-04"
"2004-05-04",".2815","-3.5e-03"
"2004-05-04",".2670","-1.6e-03"
"2004-05-06",".2783","-1.6e-03"
"2004-05-06",".2746","-1.0e-04"
"2004-05-08",".2859","-2.5e-03"
"2004-05-08",".2714","-2.4e-03"
"2004-05-10",".2542","-2.7e-03"
"2004-05-10",".2370","-8.0e-04"
"2004-05-12",".2252","-1.4e-03"
"2004-05-12",".2509","-9.0e-04"
"2004-05-14",".2792","-2.3e-03"
"2004-05-14",".3004","-1.9e-03"
"2004-05-16",".2949","-2.6e-03"
"2004-05-16",".2900","-2.0e-03"
"2004-05-18",".2905","-2.7e-03"
"2004-05-18",".2946","-6.0e-04"
"2004-05-20",".3011","-3.4e-03"
"2004-05-20",".2904","-1.7e-03"
"2004-05-22",".2842","-3.2e-03"
"2004-05-22",".2878","-1.6e-03"
"2004-05-24",".2587","-8.0e-04"
"2004-05-24",".2783","-1.3e-03"
"2004-05-26",".2724","-2.6e-03"
"2004-05-26",".2512","-2.1e-03"
"2004-05-28",".2523","-1.1e-03"
"2004-05-28",".2886","-2.5e-03"
"2004-05-30",".3230","-3.1e-03"
"2004-05-30",".3536","-2.3e-03"
"2004-06-01",".2917","-8.0e-04"
"2004-06-01",".3220","-2.1e-03"
"2004-06-03",".2921","-8.0e-04"
"2004-06-03",".2619","-4.0e-04"
"2004-06-05",".2794","-8.0e-04"
"2004-06-05",".3208","-1.2e-03"
"2004-06-07",".3037","-3.2e-03"
"2004-06-07",".3126","-2.6e-03"
"2004-06-09",".3029","-2.3e-03"
"2004-06-09",".3028","-2.6e-03"
"2004-06-11",".2776","-1.7e-03"
"2004-06-11",".2888","-2.5e-03"
"2004-06-13",".3009","-3.1e-03"
"2004-06-13",".2982","-1.6e-03"
"2004-06-15",".2800","2.0e-04"
"2004-06-15",".2925","-1.3e-03"
"2004-06-17",".2969","-6.0e-04"
"2004-06-17",".2643","-8.0e-04"
"2004-06-19",".2776","-1.3e-03"
"2004-06-19",".2526","-1.0e-03"
"2004-06-21",".2932","-1.4e-03"
"2004-06-21",".3160","-2.6e-03"
"2004-06-23",".3015","-3.2e-03"
"2004-06-23",".2944","-1.8e-03"
"2004-06-24",".3018","-2.9e-03"
"2004-06-25",".2743","1.0e-04"
"2004-06-26",".2568","-1.1e-03"
"2004-06-27",".3227","-1.7e-03"
"2004-06-28",".2720","-2.6e-03"
"2004-06-29",".2874","-1.4e-03"
"2004-06-30",".2946","-2.6e-03"
"2004-07-01",".3030","-3.4e-03"
"2004-07-02",".3213","-2.2e-03"
"2004-07-03",".2970","-1.8e-03"
"2004-07-04",".2688","-1.0e-03"
"2004-07-05",".2676","-1.6e-03"
"2004-07-06",".2982","-1.9e-03"
"2004-07-07",".3514","-3.5e-03"
"2004-07-08",".3188","-2.3e-03"
"2004-07-09",".3248","-2.4e-03"
"2004-07-10",".3346","-2.2e-03"
"2004-07-11",".3251","-2.3e-03"
"2004-07-12",".3247","-2.1e-03"
"2004-07-13",".3026","-1.1e-03"
"2004-07-14",".2960","-1.3e-03"
"2004-07-15",".3260","-1.3e-03"
"2004-07-16",".3026","-1.7e-03"
"2004-07-17",".3049","-3.0e-03"
"2004-07-18",".3588","-2.2e-03"
"2004-07-19",".3145","-7.0e-04"
"2004-07-20",".3211","-1.8e-03"
"2004-07-22",".3604","-3.1e-03"
"2004-07-22",".3127","-2.1e-03"
"2004-07-23",".3064","-2.2e-03"
"2004-07-24",".3195","-2.0e-03"
